Date,AXISBANK,SBIN,ICICIBANK,BAJFINANCE,ASIANPAINT,BHARTIARTL,KOTAKBANK,HDFC,HINDUNILVR
2017-01-02,447.75,243.6,251.95,870.05,904.65,311.0,714.8,1217.1,825.35
2017-01-03,455.25,244.9,254.4,884.0,896.6,304.45,711.75,1214.0,829.85
2017-01-04,453.1,242.9,251.1,871.9,906.6,313.9,695.6,1212.1,821.6
2017-01-05,458.05,245.35,257.25,899.75,916.5,321.1,698.95,1217.2,833.15
2017-01-06,455.2,245.9,258.15,878.45,929.5,319.75,716.85,1222.35,833.75
2017-01-09,452.75,247.05,258.7,878.25,910.1,317.95,709.25,1223.55,831.05
2017-01-10,447.35,248.3,260.2,899.75,923.6,320.1,712.65,1217.25,830.55
2017-01-11,453.6,252.15,264.7,896.15,934.65,322.75,728.4,1230.05,841.5
2017-01-12,455.2,251.25,268.35,891.2,933.55,321.8,727.95,1221.1,825.9
2017-01-13,472.8,250.9,268.05,900.05,933.25,320.2,727.75,1247.5,827.95
2017-01-16,477.25,255.75,269.3,917.7,935.25,318.6,731.2,1256.9,827.5
2017-01-17,487.2,256.0,268.4,914.35,960.15,318.5,726.0,1245.8,840.65
2017-01-18,488.5,258.35,268.45,930.35,963.35,313.9,731.1,1249.05,864.95
2017-01-19,483.8,258.4,269.7,926.3,962.7,317.1,728.2,1242.4,860.3
2017-01-20,450.75,251.05,263.45,907.7,967.2,320.55,723.05,1237.3,860.45
2017-01-23,445.0,254.15,257.55,929.65,964.7,319.65,732.75,1259.75,862.4
2017-01-24,451.25,254.9,257.15,929.75,973.45,316.5,743.35,1280.75,860.35
2017-01-25,463.55,259.2,259.95,999.85,977.7,311.35,795.2,1337.4,869.2
2017-01-27,472.85,266.45,272.0,995.85,969.6,323.75,785.05,1373.7,855.95
2017-01-30,471.9,263.95,270.8,1054.8,973.2,345.65,775.6,1371.9,853.55
2017-01-31,466.0,260.35,268.95,1036.9,970.7,348.2,774.15,1365.85,855.4
2017-02-01,475.65,270.7,281.0,1066.15,991.0,345.1,777.05,1412.1,854.05
2017-02-02,482.55,273.3,285.8,1054.15,989.0,353.3,770.4,1401.3,845.3
2017-02-03,490.7,277.55,281.55,1047.35,985.9,353.8,765.3,1397.45,849.75
2017-02-06,498.3,277.05,290.3,1073.7,992.5,355.25,766.7,1400.3,860.55
2017-02-07,493.4,277.9,288.1,1060.95,999.3,353.15,773.35,1407.25,855.25
2017-02-08,487.6,277.2,285.8,1049.45,997.7,352.2,767.6,1401.1,852.95
2017-02-09,485.25,275.85,285.0,1040.85,1002.85,355.25,769.65,1396.9,850.75
2017-02-10,488.9,276.35,281.6,1055.45,993.05,357.55,778.9,1388.55,850.9
2017-02-13,490.3,271.65,281.65,1058.95,984.75,358.05,793.15,1392.05,862.3
2017-02-14,486.9,270.2,284.65,1059.5,980.8,368.95,790.3,1398.15,848.15
2017-02-15,488.2,268.95,280.75,1040.4,981.7,365.3,784.3,1399.15,850.05
2017-02-16,493.15,270.5,278.8,1094.35,969.9,365.7,792.5,1393.55,846.1
2017-02-17,489.1,269.35,283.0,1089.5,960.8,369.5,796.5,1402.5,841.25
2017-02-20,481.05,269.65,282.35,1095.9,975.75,375.35,797.05,1393.3,854.45
2017-02-21,504.35,270.7,284.8,1095.9,991.5,362.85,797.9,1412.45,862.75
2017-02-22,525.3,272.3,286.15,1076.25,1020.3,361.0,795.85,1394.1,864.15
2017-02-23,528.15,270.45,284.5,1068.2,1009.0,366.25,810.95,1385.7,858.25
2017-02-27,508.95,268.25,278.85,1091.6,1001.95,355.7,800.5,1375.7,866.45
2017-02-28,506.65,269.2,276.35,1108.2,1024.2,365.15,802.1,1370.05,865.9
2017-03-01,513.4,271.75,279.1,1075.85,1032.75,362.75,824.15,1400.55,875.5
2017-03-02,506.3,267.3,278.65,1048.75,1028.75,356.85,816.15,1399.0,877.5
2017-03-03,512.9,265.05,275.95,1046.25,1013.7,356.15,809.5,1371.2,877.15
2017-03-06,518.65,269.85,276.75,1033.95,1029.4,361.5,818.95,1365.95,873.1
2017-03-07,511.8,267.8,276.0,1052.4,1023.95,361.1,817.0,1365.4,872.05
2017-03-08,510.15,269.9,274.4,1081.2,1022.55,360.7,824.9,1367.7,871.3
2017-03-09,516.4,273.25,273.5,1087.2,1031.1,360.2,825.45,1371.5,870.3
2017-03-10,515.9,272.05,270.55,1094.5,1030.25,364.9,828.9,1373.8,875.2
2017-03-14,510.9,274.65,287.25,1126.7,1071.4,361.1,836.15,1424.15,913.75
2017-03-15,511.7,277.35,285.15,1134.55,1064.05,363.2,844.15,1426.1,900.5
2017-03-16,513.65,279.3,284.5,1163.5,1087.55,360.65,851.4,1450.25,906.2
2017-03-17,517.15,274.15,280.6,1159.3,1079.45,346.85,848.25,1451.2,902.55
2017-03-20,502.85,273.9,275.05,1172.55,1079.7,349.4,854.6,1457.75,898.45
2017-03-21,488.3,272.35,272.05,1174.55,1068.7,349.9,859.55,1458.4,903.45
2017-03-22,485.45,267.5,265.0,1159.7,1057.85,338.2,862.2,1442.3,904.95
2017-03-23,488.25,268.5,266.95,1185.75,1061.6,338.5,868.15,1456.65,902.0
2017-03-24,489.35,276.5,274.75,1177.05,1064.25,340.5,879.35,1462.6,900.2
2017-03-27,487.15,279.45,273.15,1185.0,1042.9,338.7,871.15,1474.7,898.8
2017-03-28,502.8,282.1,277.0,1194.75,1057.85,340.75,859.45,1504.1,903.1
2017-03-29,504.2,288.45,282.2,1180.75,1068.1,344.85,857.6,1522.05,912.55
2017-03-30,499.25,291.05,281.35,1181.05,1070.1,351.2,865.15,1519.95,919.2
2017-03-31,490.8,293.4,276.85,1171.1,1073.5,350.05,872.2,1502.1,911.75
2017-04-03,500.6,293.15,286.7,1181.75,1089.85,341.8,875.95,1533.65,920.65
2017-04-05,508.3,297.35,284.85,1173.1,1082.55,344.5,889.85,1490.15,935.35
2017-04-06,508.7,292.85,280.85,1198.1,1086.9,341.8,894.35,1482.6,934.65
2017-04-07,504.2,289.45,277.35,1201.6,1082.95,344.7,873.1,1484.75,924.5
2017-04-10,510.75,289.35,277.65,1240.75,1059.2,345.7,877.35,1467.5,925.95
2017-04-11,515.05,294.5,283.65,1255.95,1072.5,350.2,881.05,1476.85,923.7
2017-04-12,506.0,290.15,280.8,1266.2,1070.45,350.8,879.4,1466.65,923.75
2017-04-13,507.55,291.55,282.8,1273.9,1078.3,340.25,879.5,1474.9,923.85
2017-04-17,502.35,289.9,282.4,1259.55,1059.35,341.3,887.6,1479.55,914.05
2017-04-18,499.65,290.3,283.4,1236.05,1040.45,338.8,881.65,1480.05,912.75
2017-04-19,499.5,284.05,280.55,1242.95,1048.9,339.95,875.6,1490.2,908.55
2017-04-20,488.0,284.8,272.75,1252.0,1058.8,342.75,889.15,1517.1,915.7
2017-04-21,486.25,282.2,269.15,1246.95,1065.45,342.8,880.4,1507.45,906.4
2017-04-24,498.65,286.05,268.65,1271.75,1069.95,344.65,895.75,1530.7,904.55
2017-04-25,516.4,286.05,272.5,1341.7,1097.9,353.95,898.0,1548.4,924.0
2017-04-26,517.15,286.45,276.9,1309.7,1104.65,357.55,900.35,1586.0,941.35
2017-04-27,506.6,282.05,274.15,1285.7,1105.35,357.9,916.65,1566.5,947.3
2017-04-28,509.65,289.75,278.5,1276.2,1120.45,355.5,901.95,1537.15,934.95
2017-05-02,505.55,288.3,275.6,1268.6,1112.1,347.6,917.9,1584.75,928.1
2017-05-03,500.85,289.8,272.75,1270.1,1118.9,346.35,916.95,1571.3,934.0
2017-05-04,518.85,299.05,297.8,1296.55,1132.6,346.0,905.45,1564.35,956.7
2017-05-05,504.5,296.0,298.55,1274.25,1146.8,344.75,908.3,1546.85,953.9
2017-05-08,511.2,299.4,302.95,1272.0,1167.35,351.3,907.35,1529.5,954.85
2017-05-09,518.2,296.5,300.6,1286.1,1165.3,345.25,906.85,1523.5,952.05
2017-05-10,526.35,294.45,298.65,1327.0,1158.3,372.75,927.65,1572.0,996.35
2017-05-11,516.9,298.1,300.2,1339.7,1166.45,366.0,936.8,1565.3,978.75
2017-05-12,503.0,297.9,296.55,1314.75,1132.95,365.1,954.65,1549.8,980.2
2017-05-15,500.1,301.4,301.8,1332.95,1148.05,364.15,973.3,1559.5,983.25
2017-05-16,501.5,307.5,302.65,1347.75,1142.85,374.35,959.85,1566.55,1000.4
2017-05-17,502.8,307.65,309.75,1324.8,1154.95,375.95,951.2,1552.5,1009.4
2017-05-18,492.0,302.95,307.95,1314.55,1151.35,370.75,942.85,1537.05,990.25
2017-05-19,501.7,308.0,307.05,1289.15,1123.15,372.75,937.35,1520.6,1008.0
2017-05-22,502.3,294.3,303.85,1242.15,1112.55,372.55,941.25,1519.85,1018.6
2017-05-23,500.6,288.85,306.05,1233.75,1098.9,371.9,940.25,1511.5,1024.8
2017-05-24,499.3,283.15,306.7,1224.35,1091.2,368.35,936.1,1524.85,1038.05
2017-05-25,507.45,290.1,317.7,1258.85,1113.2,370.7,956.5,1539.75,1043.45
2017-05-26,511.45,288.45,321.55,1317.8,1132.45,373.6,965.05,1547.9,1040.95
2017-05-29,507.25,284.0,314.9,1307.45,1146.55,373.1,968.55,1598.85,1072.25
2017-05-30,514.4,288.85,321.4,1321.55,1159.45,370.7,961.95,1579.5,1072.6
2017-05-31,514.05,288.3,326.45,1326.95,1151.2,371.55,966.05,1569.85,1067.0
2017-06-01,509.3,287.45,320.1,1327.35,1160.45,366.9,962.65,1583.75,1095.35
2017-06-02,508.05,287.05,318.15,1361.25,1164.3,373.25,965.25,1604.65,1086.4
2017-06-05,513.65,287.25,319.75,1363.1,1161.55,372.4,967.0,1606.15,1097.75
2017-06-06,510.2,287.3,318.95,1336.65,1153.15,369.0,966.4,1605.75,1091.55
2017-06-07,514.2,290.55,324.7,1343.15,1161.5,372.8,968.65,1599.35,1106.35
2017-06-08,515.75,288.6,320.2,1361.7,1143.3,367.7,978.85,1633.55,1093.5
2017-06-09,513.65,288.55,322.15,1376.85,1155.75,367.8,985.1,1647.2,1095.35
2017-06-12,507.5,284.95,315.75,1364.95,1150.7,365.2,976.7,1647.5,1099.65
2017-06-13,506.45,283.85,314.85,1371.5,1149.7,363.2,974.2,1667.65,1102.75
2017-06-14,509.5,284.2,319.05,1361.0,1149.6,365.5,968.05,1651.1,1113.7
2017-06-15,507.6,284.0,316.75,1405.25,1140.3,365.3,962.6,1636.85,1104.0
2017-06-16,510.45,285.95,316.5,1410.3,1145.4,364.85,982.65,1640.85,1091.8
2017-06-19,520.15,288.85,320.6,1399.85,1154.15,367.5,987.55,1654.2,1095.65
2017-06-20,511.85,290.1,292.45,1409.6,1149.45,366.6,983.05,1631.5,1093.05
2017-06-21,507.75,290.9,291.1,1416.65,1155.4,367.3,991.95,1628.25,1123.45
2017-06-22,508.0,294.5,289.6,1401.8,1162.55,366.2,997.9,1653.8,1094.05
2017-06-23,504.65,288.95,291.85,1400.75,1153.65,366.2,985.2,1651.35,1097.9
2017-06-27,492.85,279.65,287.9,1349.95,1134.15,371.45,974.75,1651.05,1092.1
2017-06-28,492.0,276.4,290.35,1372.35,1109.15,377.2,972.2,1629.0,1090.0
2017-06-29,512.1,272.45,293.25,1376.3,1104.55,382.45,948.35,1632.2,1088.1
2017-06-30,517.35,273.65,290.15,1373.1,1102.95,379.7,955.75,1614.95,1079.6
2017-07-03,517.25,274.85,290.05,1387.15,1120.25,382.05,948.85,1621.65,1097.75
2017-07-04,508.4,273.0,289.5,1379.55,1108.55,379.3,958.8,1640.65,1088.1
2017-07-05,513.9,274.9,292.85,1398.55,1126.65,376.3,959.85,1629.1,1096.7
2017-07-06,509.5,281.0,293.75,1399.3,1132.15,381.3,958.1,1647.9,1092.5
2017-07-07,503.15,280.1,289.7,1391.7,1115.45,385.9,964.7,1629.15,1097.7
2017-07-10,509.95,285.55,291.45,1412.8,1127.75,405.7,968.0,1638.85,1096.25
2017-07-11,506.8,283.55,289.65,1419.2,1131.75,395.45,958.75,1642.75,1106.45
2017-07-12,506.75,287.65,292.35,1443.7,1133.7,397.1,956.65,1639.95,1131.65
2017-07-13,511.9,288.75,297.9,1485.9,1125.5,403.15,962.1,1656.9,1134.7
2017-07-14,512.95,291.6,298.25,1499.4,1117.35,407.0,977.2,1647.7,1139.3
2017-07-17,510.5,293.0,303.5,1538.5,1125.45,408.45,979.7,1652.35,1152.95
2017-07-18,516.55,291.0,303.9,1512.35,1146.6,408.3,977.1,1653.0,1157.85
2017-07-19,520.2,293.3,302.25,1541.85,1155.85,421.25,994.2,1654.85,1154.35
2017-07-20,540.0,290.95,300.6,1595.35,1155.55,419.8,980.0,1651.0,1152.9
2017-07-21,540.8,290.65,302.05,1621.35,1156.1,411.3,999.45,1640.95,1158.65
2017-07-24,534.8,294.55,303.05,1597.4,1155.75,420.05,992.95,1632.25,1159.35
2017-07-25,544.95,296.1,304.15,1627.5,1150.1,427.8,987.95,1632.05,1149.6
2017-07-26,528.85,295.8,310.35,1687.15,1134.0,426.25,986.55,1633.45,1164.55
2017-07-27,524.65,298.35,307.2,1679.35,1148.8,416.05,998.15,1728.2,1171.9
2017-07-28,515.1,299.1,296.15,1701.35,1153.25,413.3,1012.7,1785.35,1153.85
2017-07-31,519.8,312.5,302.6,1703.1,1161.7,418.95,1021.65,1789.25,1155.75
2017-08-01,516.55,309.0,302.6,1716.25,1148.2,417.05,1015.3,1779.1,1173.95
2017-08-02,516.9,307.7,301.85,1707.2,1144.5,415.85,1010.9,1766.4,1168.75
2017-08-03,506.0,300.55,295.7,1701.75,1146.1,424.2,996.4,1736.75,1169.9
2017-08-04,508.1,305.25,296.25,1723.45,1157.3,420.9,996.2,1731.35,1192.1
2017-08-07,505.8,311.2,300.15,1798.15,1149.65,417.45,997.9,1725.4,1186.3
2017-08-08,499.45,303.65,295.5,1779.8,1147.35,417.8,987.7,1719.9,1191.0
2017-08-09,486.95,302.3,290.6,1697.7,1155.55,416.05,992.4,1731.65,1185.35
2017-08-10,485.5,296.7,288.75,1635.6,1151.1,416.25,996.8,1709.8,1170.7
2017-08-11,489.7,280.15,286.95,1695.4,1143.9,414.55,992.2,1695.35,1152.8
2017-08-14,491.75,278.2,291.8,1710.9,1154.0,408.55,982.6,1713.95,1155.7
2017-08-16,499.5,283.1,294.95,1721.35,1141.3,407.75,1000.55,1741.75,1186.35
2017-08-17,497.15,280.85,293.15,1728.75,1134.95,416.35,989.0,1759.25,1177.3
2017-08-18,490.4,278.7,293.15,1704.95,1140.0,421.0,983.55,1735.05,1202.2
2017-08-21,494.8,274.65,293.5,1690.6,1134.45,419.15,969.55,1738.15,1191.45
2017-08-22,499.2,273.9,293.95,1682.9,1129.45,422.1,970.8,1750.4,1199.6
2017-08-23,502.65,279.0,298.6,1779.3,1141.3,431.9,980.1,1765.25,1188.15
2017-08-24,506.85,280.3,297.7,1760.1,1135.6,432.95,972.1,1757.35,1179.7
2017-08-28,510.6,279.35,300.9,1829.95,1155.9,434.4,976.05,1766.45,1199.7
2017-08-29,503.6,277.0,299.5,1773.4,1151.7,428.1,964.4,1727.8,1190.45
2017-08-30,503.9,276.6,300.3,1788.05,1153.35,429.0,971.35,1759.05,1204.3
2017-08-31,500.35,277.75,298.05,1781.9,1168.55,427.7,976.0,1776.9,1219.75
2017-09-01,507.55,277.85,298.3,1799.95,1215.9,422.55,992.55,1759.55,1216.15
2017-09-04,501.75,277.75,297.1,1801.35,1197.05,416.4,978.1,1755.4,1197.15
2017-09-05,503.4,276.55,297.6,1794.4,1206.35,406.5,988.4,1767.3,1205.2
2017-09-06,492.85,274.25,295.35,1858.95,1206.05,402.5,996.15,1775.0,1206.4
2017-09-07,496.6,274.2,292.65,1963.2,1198.65,397.3,993.5,1781.7,1208.75
2017-09-08,494.0,271.8,292.0,1891.2,1203.95,403.5,1007.55,1779.15,1207.55
2017-09-11,493.9,270.95,290.8,1920.45,1238.05,402.95,1006.5,1781.7,1219.9
2017-09-12,496.5,273.45,291.2,1894.4,1256.35,405.2,1021.75,1798.1,1249.8
2017-09-13,499.3,273.4,292.0,1907.15,1254.95,401.65,1020.15,1778.1,1250.95
2017-09-14,519.75,274.2,293.7,1909.9,1246.05,398.9,1007.6,1771.8,1247.85
2017-09-15,516.15,271.5,291.6,1902.75,1245.5,396.0,1005.05,1768.95,1246.0
2017-09-18,524.55,270.4,293.0,1911.65,1255.95,396.65,1017.05,1771.75,1280.05
2017-09-19,520.75,267.8,294.65,1911.8,1253.3,394.8,1034.35,1752.6,1279.3
2017-09-20,519.45,270.05,290.55,1904.9,1237.3,396.85,1023.2,1767.15,1259.35
2017-09-21,512.55,268.5,284.95,1919.5,1229.1,400.1,1029.15,1788.6,1256.7
2017-09-22,505.3,261.85,277.1,1863.15,1213.25,395.35,1021.9,1780.95,1239.2
2017-09-25,501.7,258.75,279.5,1796.0,1196.95,389.75,999.5,1755.05,1247.15
2017-09-26,511.95,258.25,282.75,1840.1,1174.0,387.35,994.0,1741.25,1217.35
2017-09-27,506.3,250.4,276.4,1806.75,1160.0,385.95,979.6,1719.35,1205.9
2017-09-28,511.8,252.55,275.95,1842.85,1130.0,382.05,1005.25,1744.35,1202.8
2017-09-29,509.15,253.85,276.6,1838.05,1131.7,389.45,1002.25,1742.15,1173.9
2017-10-03,509.65,251.3,278.4,1867.8,1148.8,384.65,1006.55,1761.6,1186.35
2017-10-04,505.95,253.2,276.1,1862.65,1154.05,377.15,1029.45,1768.1,1197.5
2017-10-05,501.2,251.6,271.8,1866.2,1153.25,377.7,1032.8,1751.7,1187.65
2017-10-06,503.35,256.75,271.95,1923.6,1157.3,382.3,1039.5,1740.0,1207.3
2017-10-09,505.95,256.85,271.75,1941.3,1158.6,378.95,1049.95,1749.7,1220.25
2017-10-10,514.55,256.95,269.8,1950.8,1163.0,384.6,1055.65,1744.75,1209.2
2017-10-11,515.75,251.75,267.6,1923.55,1160.6,403.55,1043.85,1750.75,1218.05
2017-10-12,525.1,251.2,267.55,1953.15,1158.8,400.25,1057.6,1755.55,1241.0
2017-10-13,529.45,252.1,271.3,1953.05,1174.25,430.9,1082.35,1766.45,1248.6
2017-10-16,520.35,252.05,274.25,1886.3,1171.05,453.3,1082.5,1762.9,1281.3
2017-10-17,513.15,251.15,273.9,1867.1,1197.15,465.95,1078.6,1759.75,1282.15
2017-10-18,464.5,243.75,263.15,1868.5,1179.65,461.95,1095.9,1751.55,1263.95
2017-10-19,460.3,242.75,257.85,1845.9,1178.5,473.75,1077.75,1745.75,1257.7
2017-10-23,449.95,245.95,262.55,1833.75,1174.15,497.35,1061.55,1722.4,1249.95
2017-10-24,451.95,254.45,266.55,1826.05,1222.9,502.05,1065.7,1722.3,1270.05
2017-10-25,473.0,324.9,305.7,1726.35,1201.7,515.75,1010.55,1677.65,1272.45
2017-10-26,484.3,320.5,299.25,1746.75,1191.15,511.3,1018.9,1692.35,1273.7
2017-10-27,485.95,311.05,301.15,1819.0,1184.55,485.3,1029.0,1699.05,1260.15
2017-10-30,484.0,312.0,300.55,1804.3,1182.55,492.9,1028.9,1705.8,1234.2
2017-10-31,523.15,305.8,300.1,1800.6,1180.85,497.2,1025.05,1707.4,1237.45
2017-11-01,535.1,319.85,313.4,1806.75,1175.95,539.1,1024.35,1754.3,1258.0
2017-11-02,532.15,314.35,316.65,1810.2,1178.4,543.2,1019.55,1762.25,1241.5
2017-11-03,540.1,325.0,315.9,1836.95,1172.45,541.25,1015.5,1776.3,1239.5
2017-11-06,534.5,329.0,316.1,1822.0,1162.35,532.55,1009.75,1790.2,1240.6
2017-11-07,527.15,317.2,312.45,1802.55,1141.45,514.35,1013.3,1764.65,1234.2
2017-11-08,544.85,309.55,305.5,1775.7,1172.2,495.3,1011.4,1747.45,1235.3
2017-11-09,540.4,313.7,311.3,1753.0,1195.6,504.25,1005.35,1725.85,1252.9
2017-11-10,544.8,333.55,318.5,1745.0,1178.6,503.45,993.4,1709.5,1290.65
2017-11-13,537.35,331.05,314.25,1728.75,1174.95,498.0,994.7,1670.3,1279.5
2017-11-14,545.65,329.1,314.1,1754.9,1155.05,498.15,999.2,1661.4,1283.9
2017-11-15,542.0,324.95,315.5,1713.8,1181.55,486.75,1011.5,1650.9,1265.0
2017-11-16,542.6,333.4,318.95,1764.25,1179.55,489.9,1017.45,1664.4,1276.5
2017-11-17,542.4,337.5,325.1,1787.35,1171.3,493.5,1023.2,1705.5,1278.15
2017-11-20,545.15,333.0,318.55,1805.25,1166.35,492.65,1040.55,1689.2,1274.5
2017-11-21,546.8,330.65,319.9,1809.75,1160.3,503.25,1029.85,1694.5,1277.35
2017-11-22,540.5,335.3,318.9,1773.95,1174.3,499.1,1026.25,1718.15,1270.45
2017-11-23,544.15,334.95,319.45,1763.65,1159.6,496.35,1022.1,1704.6,1267.5
2017-11-24,545.5,332.4,317.2,1790.0,1159.6,496.8,1030.35,1711.05,1265.95
2017-11-27,559.4,335.65,317.0,1773.25,1156.5,498.0,1036.45,1711.0,1260.3
2017-11-28,562.55,332.0,313.2,1766.4,1171.0,492.0,1029.85,1725.5,1267.85
2017-11-29,549.5,328.9,314.85,1756.3,1153.85,495.75,1026.25,1704.15,1276.15
2017-11-30,535.4,320.35,307.55,1727.05,1146.75,496.45,1000.3,1675.7,1272.45
2017-12-01,533.85,312.75,305.25,1711.6,1133.75,484.15,1005.15,1658.8,1250.5
2017-12-04,534.95,313.6,304.25,1675.95,1121.0,484.3,997.95,1680.4,1268.6
2017-12-05,533.15,319.1,305.25,1707.4,1115.0,490.65,999.85,1679.5,1261.0
2017-12-06,530.5,312.4,299.5,1671.45,1104.35,483.45,999.65,1648.4,1275.6
2017-12-07,534.05,316.4,305.8,1676.3,1144.4,514.7,1001.6,1655.55,1291.95
2017-12-08,542.5,313.1,310.75,1702.25,1135.5,525.15,1009.0,1682.95,1326.65
2017-12-11,545.1,318.4,311.45,1707.8,1125.85,532.7,1008.5,1709.95,1324.05
2017-12-12,538.6,318.45,307.6,1699.25,1117.4,523.85,1000.4,1710.8,1314.65
2017-12-13,535.75,313.3,302.95,1671.8,1116.55,517.35,1014.9,1696.7,1315.05
2017-12-14,541.45,314.0,304.35,1685.85,1123.45,520.3,1024.65,1704.5,1321.6
2017-12-15,547.95,312.25,303.15,1729.6,1118.7,517.95,1030.1,1723.0,1324.55
2017-12-18,548.65,318.9,308.9,1756.85,1137.15,526.25,1023.2,1719.95,1331.75
2017-12-19,553.65,319.8,313.7,1757.75,1137.7,536.6,1021.35,1709.15,1349.7
2017-12-20,554.5,317.5,315.8,1770.4,1135.5,528.9,1012.7,1693.7,1362.65
2017-12-21,548.95,316.75,315.45,1748.05,1137.9,524.1,1010.55,1701.9,1348.45
2017-12-22,553.6,319.85,316.6,1782.45,1138.0,528.55,1010.05,1709.35,1356.5
2017-12-26,555.0,317.15,318.15,1789.5,1150.75,542.95,1016.25,1713.2,1348.1
2017-12-27,554.6,314.85,312.8,1770.95,1149.05,534.65,1014.05,1707.9,1352.45
2017-12-28,546.85,308.4,315.3,1755.15,1144.4,531.35,1004.75,1696.15,1354.5
2017-12-29,563.95,309.9,314.0,1756.7,1158.5,529.65,1010.2,1710.4,1367.85
2018-01-01,565.5,307.1,310.3,1725.65,1143.65,527.9,999.95,1683.75,1344.5
2018-01-02,559.5,303.25,309.7,1724.65,1142.75,516.55,1003.2,1703.25,1338.6
2018-01-03,560.45,302.85,315.0,1715.3,1141.9,518.2,1000.1,1700.8,1350.35
2018-01-04,559.9,308.5,314.7,1754.0,1172.05,523.0,1000.4,1703.2,1352.25
2018-01-05,563.25,306.35,312.9,1814.5,1185.25,540.0,1003.05,1725.2,1356.55
2018-01-08,565.45,305.8,314.15,1836.85,1182.0,516.35,1006.1,1740.95,1368.4
2018-01-09,565.3,304.3,312.6,1819.5,1193.05,509.8,1009.75,1735.05,1361.3
2018-01-10,562.8,301.1,312.0,1802.2,1177.4,506.4,1002.25,1726.45,1365.8
2018-01-11,558.75,302.2,309.5,1780.35,1188.95,514.75,1017.65,1741.35,1378.65
2018-01-12,555.1,302.25,317.7,1770.1,1189.7,509.55,1023.35,1760.95,1374.0
2018-01-15,560.55,302.6,329.3,1738.15,1204.05,504.5,1038.35,1871.2,1367.2
2018-01-16,563.2,296.15,334.1,1687.35,1188.75,497.25,1033.25,1845.95,1382.0
2018-01-17,585.2,307.1,343.25,1701.2,1193.75,499.9,1027.1,1858.35,1371.2
2018-01-18,584.8,303.25,346.15,1660.7,1188.25,495.0,1046.5,1896.8,1356.95
2018-01-19,590.25,309.25,353.6,1701.9,1189.9,497.9,1060.55,1901.25,1362.45
2018-01-22,611.55,306.5,351.5,1706.35,1176.0,490.7,1074.1,1872.0,1355.1
2018-01-23,620.1,318.1,362.3,1708.7,1169.9,492.1,1075.45,1884.65,1368.35
2018-01-24,607.95,329.9,352.75,1739.15,1151.05,459.5,1080.1,1911.2,1365.9
2018-01-25,616.1,313.15,360.8,1710.3,1150.45,452.7,1092.35,1908.3,1372.75
2018-01-29,605.55,312.1,357.65,1715.3,1152.05,440.6,1115.1,1967.6,1397.3
2018-01-30,593.75,313.55,353.25,1678.4,1126.7,440.6,1088.05,1937.5,1400.25
2018-01-31,593.6,313.25,352.95,1677.85,1128.3,439.85,1108.95,1956.3,1369.35
2018-02-01,592.8,306.05,346.2,1729.45,1153.0,438.4,1120.95,1967.55,1371.25
2018-02-02,564.9,297.35,335.1,1628.9,1137.9,422.35,1085.95,1903.85,1372.2
2018-02-05,566.25,298.05,329.7,1604.95,1134.1,440.2,1062.25,1823.35,1355.75
2018-02-06,563.7,291.75,330.7,1662.15,1110.25,439.15,1033.8,1788.6,1325.35
2018-02-07,559.35,292.8,332.55,1641.65,1121.1,430.25,1036.3,1785.35,1312.65
2018-02-08,568.45,301.4,333.85,1662.15,1124.05,429.8,1051.75,1811.8,1329.55
2018-02-09,557.55,296.4,326.75,1639.4,1130.75,422.5,1032.0,1773.05,1333.05
2018-02-12,564.2,288.75,326.25,1643.8,1144.4,424.4,1042.95,1805.45,1344.45
2018-02-14,543.9,276.2,318.95,1669.95,1139.15,434.8,1042.45,1814.0,1349.4
2018-02-15,543.7,278.7,328.65,1677.05,1135.45,428.95,1042.15,1829.5,1358.15
2018-02-16,537.85,271.65,321.05,1675.25,1143.85,419.7,1050.2,1815.5,1352.1
2018-02-19,540.55,268.5,319.75,1642.7,1120.35,414.35,1056.2,1814.05,1335.9
2018-02-20,531.7,269.65,317.25,1638.75,1126.4,418.1,1045.8,1811.75,1331.8
2018-02-21,535.8,273.3,319.2,1596.45,1127.2,419.65,1055.05,1824.8,1330.6
2018-02-22,530.25,272.6,318.35,1600.35,1118.1,416.1,1072.5,1819.25,1326.45
2018-02-23,536.65,276.05,322.75,1633.4,1101.8,425.55,1080.85,1824.2,1323.15
2018-02-26,552.3,274.45,327.05,1674.95,1104.8,423.15,1105.15,1843.25,1333.3
2018-02-27,538.4,267.6,322.15,1656.8,1110.35,430.5,1093.05,1828.65,1346.35
2018-02-28,528.75,268.0,313.25,1640.25,1117.75,428.55,1090.55,1808.7,1317.75
2018-03-01,525.75,262.15,304.95,1659.35,1118.9,427.75,1095.7,1814.15,1324.25
2018-03-05,524.55,263.5,303.35,1636.95,1105.95,421.45,1100.0,1789.6,1299.75
2018-03-06,517.35,256.55,295.05,1637.75,1101.6,413.9,1082.45,1782.8,1293.2
2018-03-07,512.65,246.65,286.7,1618.35,1107.25,403.2,1085.1,1761.75,1293.85
2018-03-08,520.55,256.8,296.95,1628.05,1127.6,401.3,1082.3,1798.75,1293.15
2018-03-09,505.35,253.25,292.7,1654.2,1129.1,402.15,1082.45,1818.6,1300.75
2018-03-12,519.2,252.85,300.65,1665.25,1131.5,421.55,1100.6,1858.05,1324.2
2018-03-13,531.5,254.7,304.35,1680.7,1140.3,426.3,1083.9,1868.5,1320.55
2018-03-14,536.15,257.05,306.05,1710.1,1137.0,422.6,1081.75,1844.7,1316.9
2018-03-15,529.65,253.7,301.45,1726.25,1160.8,420.45,1085.65,1830.0,1299.95
2018-03-16,522.6,252.3,298.1,1687.9,1122.75,416.75,1060.75,1791.4,1299.15
2018-03-19,519.45,247.95,294.55,1631.85,1102.55,399.65,1049.0,1774.5,1309.4
2018-03-20,521.1,249.1,292.0,1657.3,1106.5,400.4,1045.3,1800.05,1313.25
2018-03-21,526.3,248.0,289.2,1704.55,1103.55,418.2,1051.1,1817.85,1315.6
2018-03-22,518.2,241.55,283.25,1695.6,1107.1,415.6,1053.05,1809.55,1311.85
2018-03-23,499.5,234.8,275.55,1685.3,1112.65,412.7,1038.8,1789.6,1301.65
2018-03-26,507.3,246.5,281.65,1741.6,1117.55,421.5,1039.35,1830.15,1324.3
2018-03-27,512.2,254.35,283.9,1772.45,1131.1,413.2,1049.85,1823.15,1332.8
2018-03-28,510.5,249.9,278.35,1767.55,1120.4,398.7,1047.8,1825.6,1333.35
2018-04-02,499.05,246.15,261.85,1818.6,1150.15,395.1,1096.55,1838.05,1351.3
2018-04-03,501.55,250.5,270.05,1834.25,1152.1,402.2,1103.3,1825.7,1348.4
2018-04-04,492.25,247.3,268.65,1850.2,1136.0,395.05,1078.3,1803.3,1357.45
2018-04-05,503.1,259.3,278.65,1915.6,1142.9,393.9,1118.3,1824.45,1382.2
2018-04-06,500.2,259.7,280.65,1937.6,1143.5,384.95,1119.2,1829.0,1374.8
2018-04-09,519.3,260.65,280.85,1944.25,1157.45,380.3,1118.25,1836.7,1391.6
2018-04-10,546.15,263.3,288.8,1926.05,1156.75,385.55,1113.65,1817.5,1391.5
2018-04-11,539.8,257.05,284.55,1924.65,1155.85,385.3,1126.1,1812.4,1409.15
2018-04-12,548.75,253.8,286.75,1929.35,1165.2,380.2,1134.6,1829.05,1412.75
2018-04-13,542.55,250.95,288.25,1914.35,1162.2,377.9,1151.1,1840.6,1410.55
2018-04-16,542.4,249.0,287.6,1943.3,1178.85,376.65,1172.1,1870.45,1419.5
2018-04-17,532.4,248.15,291.75,1935.05,1176.0,382.05,1164.85,1889.7,1445.55
2018-04-18,518.25,246.45,290.05,1926.85,1172.3,384.25,1153.95,1877.7,1450.5
2018-04-19,512.9,246.15,289.6,1913.3,1165.0,395.35,1153.9,1858.65,1454.2
2018-04-20,505.7,241.2,282.15,1880.4,1159.35,402.0,1152.85,1834.15,1467.8
2018-04-23,506.2,242.45,279.4,1899.35,1178.7,402.85,1169.0,1830.85,1452.75
2018-04-24,504.85,240.6,284.1,1917.8,1170.1,406.25,1166.0,1859.55,1459.65
2018-04-25,498.4,237.2,278.9,1899.85,1163.05,419.85,1167.85,1849.5,1459.2
2018-04-26,493.75,233.2,278.85,1892.1,1155.7,409.2,1185.7,1850.45,1491.25
2018-04-27,539.2,242.6,287.9,1901.15,1181.6,408.75,1188.75,1853.75,1473.95
2018-04-30,517.3,246.4,284.2,1907.7,1201.7,409.55,1211.1,1883.25,1508.9
2018-05-02,523.75,241.0,276.9,1905.1,1222.3,408.45,1256.85,1910.6,1471.95
2018-05-03,533.4,241.9,281.9,1874.3,1206.75,404.4,1233.55,1922.7,1452.2
2018-05-04,520.3,241.95,282.85,1857.4,1190.45,396.75,1233.45,1910.35,1464.2
2018-05-07,536.1,246.5,289.8,1895.45,1215.25,398.25,1245.05,1918.7,1497.9
2018-05-08,542.25,250.05,309.3,1868.4,1209.9,401.15,1241.85,1903.35,1496.05
2018-05-09,548.5,248.0,306.8,1849.1,1222.55,402.45,1251.15,1897.65,1496.0
2018-05-10,547.65,247.95,306.85,1837.4,1217.7,412.1,1247.5,1894.3,1486.5
2018-05-11,553.3,250.35,310.95,1861.5,1286.45,386.6,1267.3,1919.8,1504.1
2018-05-14,551.9,253.6,310.1,1864.5,1297.35,383.15,1271.6,1930.6,1503.55
2018-05-15,549.7,248.0,308.25,1901.95,1314.65,381.95,1283.85,1929.55,1515.5
2018-05-16,550.0,243.1,297.25,1919.95,1323.7,375.35,1281.4,1914.55,1574.1
2018-05-17,539.45,242.7,296.0,2066.5,1309.45,367.6,1270.7,1875.1,1569.8
2018-05-18,532.9,238.85,286.1,2149.65,1308.35,361.35,1294.4,1853.0,1605.8
2018-05-21,526.85,244.45,289.3,2105.45,1301.7,360.0,1276.65,1819.2,1578.65
2018-05-22,523.3,253.9,290.3,2149.3,1286.85,361.85,1262.7,1810.0,1574.3
2018-05-23,520.25,263.2,292.05,2078.4,1278.6,356.8,1255.35,1783.65,1568.1
2018-05-24,534.45,268.5,297.7,2094.75,1293.6,371.9,1275.45,1806.1,1561.1
2018-05-25,538.5,266.95,295.65,2116.0,1292.35,376.95,1295.85,1819.75,1575.75
2018-05-28,546.15,272.05,299.25,2094.95,1321.85,375.15,1297.15,1829.55,1582.85
2018-05-29,547.75,264.3,289.9,2077.1,1299.5,379.15,1284.25,1809.75,1572.7
2018-05-30,541.65,267.15,284.9,2118.65,1293.85,375.8,1303.25,1790.8,1585.8
2018-05-31,545.9,269.55,285.8,2109.9,1304.65,373.6,1334.6,1833.0,1611.45
2018-06-01,536.65,266.7,289.3,2077.4,1293.05,383.7,1318.0,1844.25,1588.85
2018-06-04,537.05,263.0,286.75,2062.85,1284.45,372.3,1303.95,1833.15,1563.2
2018-06-05,530.9,263.55,284.1,2100.6,1273.6,364.3,1304.7,1848.4,1562.8
2018-06-06,531.4,270.15,283.9,2160.65,1262.8,379.75,1315.7,1858.45,1571.15
2018-06-07,542.4,269.65,290.9,2169.45,1290.8,379.95,1310.45,1869.0,1603.05
2018-06-08,537.4,273.0,288.25,2186.85,1278.85,377.55,1318.35,1840.45,1595.6
2018-06-11,539.95,274.0,286.4,2250.3,1283.3,388.8,1323.35,1839.45,1601.4
2018-06-12,537.15,282.85,287.4,2261.25,1287.7,380.65,1329.3,1847.7,1638.45
2018-06-13,540.65,287.7,290.75,2231.05,1286.4,375.65,1325.65,1832.3,1621.2
2018-06-14,532.0,282.6,284.75,2243.25,1286.1,376.5,1332.65,1833.75,1609.6
2018-06-15,528.75,277.45,282.5,2283.6,1282.2,378.25,1340.0,1832.25,1621.3
2018-06-18,522.55,276.85,293.0,2243.15,1282.05,370.9,1315.3,1823.55,1608.55
2018-06-19,517.2,272.6,292.8,2270.6,1269.2,371.2,1303.25,1828.0,1601.0
2018-06-20,519.1,273.3,293.2,2267.8,1271.3,371.9,1324.6,1847.0,1602.4
2018-06-21,513.05,268.65,297.95,2257.45,1253.0,368.7,1313.95,1858.9,1593.45
2018-06-22,525.65,273.05,300.65,2336.05,1267.7,374.55,1321.4,1906.75,1608.1
2018-06-25,515.2,268.45,289.7,2390.6,1253.45,374.15,1328.0,1893.8,1615.15
2018-06-26,514.2,267.4,288.1,2367.35,1274.6,380.2,1329.85,1915.85,1621.75
2018-06-27,507.85,261.7,279.05,2335.5,1267.15,375.65,1324.2,1904.85,1609.3
2018-06-28,504.6,257.0,271.4,2274.7,1268.4,377.95,1339.1,1878.0,1602.75
2018-06-29,510.8,259.35,275.4,2296.35,1264.45,381.95,1342.95,1908.1,1641.15
2018-07-02,512.25,258.85,277.4,2299.55,1293.05,368.05,1337.95,1897.1,1643.45
2018-07-03,511.55,257.5,272.9,2321.1,1291.85,370.75,1353.15,1879.7,1643.5
2018-07-04,514.75,257.45,273.25,2331.4,1289.8,367.4,1365.25,1922.5,1676.0
2018-07-05,511.0,256.45,271.55,2330.15,1321.4,363.4,1365.0,1931.05,1688.0
2018-07-06,513.7,257.2,270.05,2345.7,1323.15,362.25,1371.2,1916.85,1678.3
2018-07-09,525.25,261.55,271.2,2348.05,1363.1,362.1,1385.1,1904.9,1691.9
2018-07-10,532.55,263.75,273.4,2366.35,1370.45,367.8,1372.15,1942.55,1687.0
2018-07-11,536.55,259.1,268.75,2355.6,1359.8,362.0,1386.95,1928.1,1718.15
2018-07-12,538.35,262.75,272.3,2415.0,1357.9,362.15,1389.8,1962.7,1742.35
2018-07-13,523.0,257.75,267.75,2468.6,1367.8,358.95,1404.35,1972.5,1742.65
2018-07-16,522.1,251.6,259.25,2472.3,1359.55,347.4,1408.45,1991.2,1751.25
2018-07-17,537.9,259.05,266.45,2469.15,1376.25,342.55,1400.6,1989.3,1681.7
2018-07-18,526.55,259.55,262.7,2488.75,1393.0,336.8,1398.55,2009.45,1643.75
2018-07-19,526.8,260.2,261.2,2520.2,1403.0,345.0,1347.4,1988.4,1647.45
2018-07-20,533.7,261.5,265.8,2721.35,1396.45,345.4,1333.3,1973.85,1655.85
2018-07-23,540.35,266.35,275.55,2755.8,1433.2,358.95,1337.05,1966.85,1689.65
2018-07-24,546.1,266.85,274.35,2713.35,1467.75,356.8,1312.25,1975.55,1667.9
2018-07-25,532.25,271.85,274.65,2705.05,1450.15,352.3,1314.9,2000.85,1652.95
2018-07-26,541.65,287.7,285.65,2681.65,1433.85,357.65,1311.25,2023.4,1669.95
2018-07-27,553.25,286.75,293.2,2713.7,1434.85,364.7,1311.1,2047.25,1659.0
2018-07-30,569.65,297.4,307.35,2678.0,1430.2,383.25,1305.25,2028.75,1688.7
2018-07-31,550.4,293.5,304.25,2697.9,1451.4,390.6,1306.85,1994.85,1731.65
2018-08-01,545.15,295.1,299.3,2722.8,1437.2,384.5,1312.7,1970.15,1734.3
2018-08-02,547.25,293.9,298.55,2683.85,1418.4,373.0,1280.2,1931.95,1748.5
2018-08-03,574.75,299.25,305.0,2681.3,1411.85,374.5,1309.5,1977.5,1763.0
2018-08-06,596.8,308.5,315.1,2696.25,1397.4,385.75,1282.8,1979.3,1730.3
2018-08-07,593.05,304.05,313.15,2747.35,1424.25,381.9,1283.7,1978.6,1730.05
2018-08-08,596.3,308.7,318.7,2813.15,1425.75,385.3,1288.3,1984.6,1757.15
2018-08-09,621.05,317.4,333.0,2830.15,1417.35,367.05,1277.25,1969.95,1754.2
2018-08-10,615.5,304.45,328.6,2808.45,1418.6,369.8,1285.5,1974.3,1752.7
2018-08-13,604.9,294.15,324.9,2760.4,1399.25,370.15,1287.15,1947.0,1728.85
2018-08-14,618.05,294.9,332.45,2830.2,1395.1,367.0,1293.0,1941.5,1744.25
2018-08-16,623.45,292.7,334.3,2856.6,1394.8,372.0,1245.4,1891.2,1737.4
2018-08-17,627.3,302.1,340.0,2851.2,1400.65,371.4,1263.25,1885.65,1784.75
2018-08-20,624.4,307.65,338.45,2839.75,1409.1,370.55,1274.75,1920.05,1777.0
2018-08-21,635.75,307.0,338.85,2871.8,1403.3,368.25,1263.4,1913.35,1752.5
2018-08-23,631.75,302.45,337.2,2893.85,1394.75,369.9,1247.7,1906.3,1772.8
2018-08-24,639.9,300.45,330.15,2916.6,1393.5,368.95,1254.5,1919.05,1780.95
2018-08-27,650.2,308.0,339.9,2950.75,1399.8,379.15,1274.9,1924.85,1792.3
2018-08-28,660.05,305.35,338.9,2932.6,1407.5,376.8,1285.1,1955.15,1771.2
2018-08-29,656.9,309.7,340.65,2985.5,1394.0,374.9,1288.6,1956.25,1755.85
2018-08-30,649.75,308.6,344.35,2926.75,1378.7,383.1,1278.05,1934.15,1772.85
2018-08-31,649.25,309.6,342.6,2856.6,1372.45,383.85,1287.25,1935.95,1780.1
2018-09-03,631.8,306.35,334.15,2724.05,1361.6,383.8,1269.1,1944.8,1699.1
2018-09-04,641.8,296.4,328.5,2746.3,1311.3,378.35,1257.6,1954.8,1651.2
2018-09-05,637.65,296.55,329.65,2716.9,1321.3,372.05,1238.15,1937.4,1611.7
2018-09-06,638.2,296.45,328.65,2684.1,1314.5,372.3,1260.9,1956.15,1608.6
2018-09-07,645.55,291.65,335.1,2744.2,1316.0,389.6,1244.95,1920.0,1638.75
2018-09-10,651.75,284.85,332.9,2615.65,1293.1,388.4,1223.35,1883.55,1610.3
2018-09-11,650.15,282.6,326.55,2600.75,1297.85,378.7,1206.4,1868.05,1590.65
2018-09-12,635.45,285.3,322.9,2594.0,1291.0,376.7,1230.4,1877.8,1626.85
2018-09-14,636.4,290.65,328.35,2672.2,1333.9,383.6,1239.55,1925.45,1629.3
2018-09-17,625.95,285.3,325.7,2604.6,1308.65,382.05,1230.4,1878.85,1605.45
2018-09-18,608.6,273.8,318.85,2570.4,1292.1,373.7,1215.3,1855.7,1664.95
2018-09-19,608.8,271.5,320.95,2499.55,1291.35,370.05,1226.9,1830.65,1647.1
2018-09-21,599.2,270.6,317.1,2379.4,1304.75,370.5,1180.2,1839.4,1621.3
2018-09-24,597.35,264.35,308.75,2260.8,1271.95,356.2,1148.7,1718.7,1590.45
2018-09-25,614.35,270.9,311.1,2299.2,1289.9,360.5,1183.35,1773.35,1630.85
2018-09-26,617.45,263.85,313.1,2315.55,1282.0,361.3,1169.4,1767.45,1610.75
2018-09-27,600.15,265.35,306.65,2204.2,1287.5,356.8,1142.45,1729.0,1620.1
2018-09-28,613.25,265.5,305.55,2168.0,1293.3,338.55,1141.6,1754.5,1608.4
2018-10-01,593.45,273.85,314.0,2208.5,1279.8,326.75,1122.0,1806.35,1642.3
2018-10-03,572.25,271.7,303.7,2232.2,1251.75,318.45,1098.25,1797.55,1618.85
2018-10-04,586.25,271.35,316.5,2179.15,1224.7,310.15,1074.5,1778.45,1573.95
2018-10-05,568.5,258.35,307.3,2023.3,1209.5,298.6,1052.2,1708.65,1558.55
2018-10-08,556.55,265.75,310.85,1974.85,1247.8,295.2,1104.3,1667.7,1559.35
2018-10-09,552.85,262.95,306.25,2060.85,1201.4,289.0,1108.45,1712.75,1512.45
2018-10-10,589.2,278.65,319.85,2270.95,1225.95,295.1,1137.75,1736.95,1527.65
2018-10-11,580.85,262.15,311.7,2162.1,1219.05,285.35,1115.55,1684.55,1526.1
2018-10-12,584.9,263.75,319.4,2287.35,1261.2,290.05,1167.15,1730.3,1569.6
2018-10-15,576.55,263.2,313.35,2306.2,1250.3,291.1,1170.45,1732.9,1526.3
2018-10-16,588.85,270.3,320.65,2308.85,1267.6,294.0,1175.75,1756.25,1546.2
2018-10-17,576.05,261.15,314.8,2150.5,1259.0,288.5,1176.0,1737.8,1562.0
2018-10-19,562.55,261.1,315.45,2140.5,1235.4,287.3,1198.95,1660.25,1578.4
2018-10-22,562.05,260.35,327.1,2115.35,1200.4,285.75,1164.0,1658.3,1584.9
2018-10-23,562.75,255.65,322.85,2083.35,1138.45,285.9,1174.45,1686.75,1552.05
2018-10-24,564.1,255.7,322.0,2311.8,1186.9,315.85,1177.1,1741.45,1585.95
2018-10-25,561.05,249.55,319.95,2335.0,1200.05,295.55,1185.8,1694.45,1571.55
2018-10-26,537.7,248.1,315.65,2338.9,1190.3,297.95,1158.6,1702.1,1558.25
2018-10-29,566.7,267.9,349.4,2380.45,1196.05,294.1,1138.1,1698.4,1552.9
2018-10-30,562.7,273.15,345.7,2356.35,1196.3,292.6,1123.8,1671.9,1593.05
2018-10-31,582.4,281.4,355.0,2382.55,1230.4,292.35,1119.15,1769.25,1621.7
2018-11-01,602.15,285.9,353.7,2418.1,1217.8,293.5,1109.55,1762.0,1607.65
2018-11-02,610.65,285.35,354.45,2383.3,1247.0,302.05,1133.2,1824.4,1638.45
2018-11-05,624.4,294.95,349.65,2359.4,1244.05,303.2,1129.45,1792.9,1640.05
2018-11-06,607.45,286.45,353.1,2339.75,1238.5,305.05,1125.3,1805.9,1631.95
2018-11-07,606.85,286.55,355.9,2348.4,1250.95,306.25,1134.3,1815.85,1643.85
2018-11-09,613.2,283.25,356.85,2375.35,1295.6,299.75,1135.55,1816.1,1672.6
2018-11-12,606.55,277.95,352.35,2277.6,1278.8,296.2,1153.7,1795.9,1654.3
2018-11-13,618.3,278.05,360.9,2285.0,1284.9,297.55,1165.9,1824.7,1671.1
2018-11-14,612.7,283.6,366.6,2293.95,1320.55,301.3,1129.9,1839.15,1715.5
2018-11-15,626.1,285.4,370.0,2341.3,1318.3,304.4,1162.25,1853.6,1706.05
2018-11-16,619.8,290.9,367.55,2402.1,1321.3,332.75,1168.6,1889.0,1689.1
2018-11-19,616.3,288.15,362.4,2360.95,1312.15,336.85,1175.25,1899.35,1701.4
2018-11-20,612.65,283.45,357.9,2380.1,1306.85,331.95,1169.95,1876.8,1694.0
2018-11-21,626.85,287.05,356.75,2430.55,1324.2,332.7,1176.7,1868.15,1689.95
2018-11-22,614.55,282.7,352.05,2381.5,1314.4,327.85,1170.6,1873.7,1675.1
2018-11-26,631.05,286.4,356.35,2394.6,1349.5,334.55,1170.55,1884.65,1744.0
2018-11-27,625.25,289.4,354.65,2435.45,1339.6,328.15,1173.55,1901.7,1733.3
2018-11-28,627.95,284.55,359.0,2412.55,1324.25,314.1,1160.25,1928.0,1732.2
2018-11-29,631.4,286.4,362.2,2506.5,1350.3,317.2,1212.95,1956.3,1768.5
2018-11-30,625.75,284.65,355.15,2537.7,1345.95,313.5,1233.95,1989.0,1754.0
2018-12-03,624.8,286.8,355.5,2508.65,1338.7,319.75,1226.1,1980.75,1825.6
2018-12-04,623.25,282.55,357.95,2543.55,1329.45,318.55,1225.3,1939.45,1807.65
2018-12-05,614.95,280.15,351.4,2494.1,1329.5,312.8,1211.5,1973.3,1848.1
2018-12-06,600.05,275.65,347.65,2432.4,1295.1,304.0,1180.25,1945.8,1801.5
2018-12-07,603.95,275.4,352.2,2486.35,1318.65,303.95,1279.65,1951.35,1824.3
2018-12-10,590.3,274.2,346.35,2395.55,1274.2,294.95,1198.35,1906.5,1795.8
2018-12-11,604.25,281.25,342.8,2426.75,1323.6,290.25,1218.7,1905.25,1794.9
2018-12-12,619.95,285.25,349.95,2493.95,1330.9,305.55,1237.15,1940.2,1839.1
2018-12-13,619.1,289.0,349.55,2489.1,1320.2,303.1,1264.4,1942.05,1855.55
2018-12-14,620.25,289.2,351.9,2486.35,1340.95,319.25,1255.95,1904.1,1860.55
2018-12-17,617.15,289.5,358.45,2474.4,1335.85,315.2,1222.45,1960.35,1850.7
2018-12-18,619.4,292.75,362.25,2532.2,1355.7,317.8,1237.1,1952.0,1840.75
2018-12-19,641.65,300.7,366.5,2596.9,1400.25,322.7,1225.65,1981.7,1844.8
2018-12-20,632.95,294.05,362.15,2591.4,1425.8,316.55,1236.3,1974.7,1834.25
2018-12-21,620.85,291.9,354.2,2591.25,1388.2,307.9,1227.2,1948.6,1803.5
2018-12-24,615.0,293.05,352.75,2564.9,1357.05,309.1,1238.5,1902.15,1784.65
2018-12-26,619.5,294.15,355.85,2567.4,1363.0,320.45,1248.15,1933.35,1791.6
2018-12-27,617.55,292.15,355.65,2587.15,1372.5,316.7,1240.25,1948.85,1814.9
2018-12-28,625.05,294.8,360.75,2634.8,1366.0,316.55,1241.35,1979.95,1822.05
2018-12-31,619.9,295.9,360.15,2645.15,1373.05,312.5,1256.5,1968.35,1819.65
2019-01-01,627.3,299.6,363.75,2656.85,1371.55,319.5,1250.45,2009.0,1801.1
2019-01-02,620.05,293.9,364.6,2614.05,1383.3,312.65,1240.6,1980.65,1784.6
2019-01-03,607.95,291.1,363.25,2586.2,1388.3,313.5,1235.25,1936.85,1788.4
2019-01-04,619.6,297.65,365.2,2576.05,1385.85,322.45,1247.95,1972.6,1781.7
2019-01-07,637.45,296.3,367.7,2553.6,1396.0,324.95,1246.6,1972.9,1784.95
2019-01-08,650.9,305.3,380.15,2537.05,1401.25,329.25,1228.9,1958.95,1770.85
2019-01-09,670.1,305.3,382.25,2524.35,1402.0,334.5,1238.25,1994.95,1785.0
2019-01-10,663.25,305.55,379.5,2514.65,1396.35,337.3,1219.55,1980.1,1786.2
2019-01-11,666.5,302.75,378.55,2514.2,1403.65,335.1,1223.2,1991.4,1769.4
2019-01-14,659.2,300.4,373.35,2544.8,1388.6,331.6,1211.75,1969.2,1763.9
2019-01-15,660.6,301.65,372.75,2604.2,1405.95,337.75,1213.4,1992.15,1789.85
2019-01-16,664.0,303.15,375.3,2569.85,1389.75,333.95,1202.75,1975.0,1772.55
2019-01-17,676.65,297.4,374.6,2535.9,1389.6,332.05,1219.95,2004.55,1751.5
2019-01-18,664.6,294.95,372.0,2542.9,1400.45,311.15,1240.2,2006.85,1744.1
2019-01-21,660.3,292.45,371.7,2594.2,1422.1,311.35,1267.6,2004.45,1746.9
2019-01-22,661.6,290.25,369.05,2621.9,1406.95,304.85,1291.75,1979.4,1750.2
2019-01-23,661.6,286.65,367.4,2634.35,1396.55,303.7,1276.5,1958.25,1767.2
2019-01-24,663.65,288.05,364.8,2635.65,1401.85,301.65,1267.75,1971.1,1759.5
2019-01-25,669.75,285.4,357.2,2599.55,1372.15,307.5,1266.15,1977.8,1756.8
2019-01-28,656.3,281.6,343.55,2458.5,1379.5,305.15,1260.45,1946.9,1743.0
2019-01-29,660.75,280.6,346.85,2515.55,1393.3,307.85,1251.4,1922.3,1756.7
2019-01-30,690.95,287.45,365.9,2595.5,1390.4,303.7,1222.2,1885.8,1733.35
2019-01-31,722.7,293.65,364.45,2574.85,1412.6,306.4,1255.75,1922.35,1763.25
2019-02-01,717.25,284.4,354.65,2628.4,1457.2,311.85,1255.7,1961.25,1799.3
2019-02-04,720.5,283.95,354.55,2594.45,1446.35,306.55,1272.2,1978.5,1802.6
2019-02-05,729.5,284.65,352.65,2603.6,1450.35,308.2,1279.15,1981.4,1821.45
2019-02-06,725.75,289.05,359.3,2711.25,1469.4,308.75,1279.5,1987.95,1829.95
2019-02-07,730.15,287.4,358.65,2696.6,1472.45,311.15,1284.55,1969.65,1839.05
2019-02-08,719.4,286.0,355.1,2707.15,1448.8,313.25,1299.4,1944.65,1817.3
2019-02-11,710.85,280.5,350.05,2657.2,1437.1,312.2,1301.55,1948.2,1804.8
2019-02-12,705.6,275.4,344.3,2621.8,1452.1,311.25,1298.65,1905.05,1794.5
2019-02-13,697.5,268.2,339.75,2590.55,1424.15,310.55,1298.3,1930.5,1798.95
2019-02-14,695.0,267.1,343.95,2609.2,1399.2,300.8,1286.8,1900.7,1785.05
2019-02-15,686.6,262.95,342.15,2561.1,1393.6,304.6,1283.65,1874.9,1772.8
2019-02-18,693.3,259.95,338.75,2549.45,1380.05,302.55,1277.05,1874.85,1751.9
2019-02-19,693.05,262.9,343.25,2559.8,1377.85,303.7,1280.45,1853.45,1737.95
2019-02-20,700.35,267.7,345.2,2606.15,1396.9,309.0,1289.75,1870.5,1733.5
2019-02-21,697.2,268.0,351.3,2654.7,1397.8,309.9,1289.15,1891.45,1754.7
2019-02-22,702.05,270.95,352.05,2640.4,1397.8,313.85,1237.9,1887.4,1768.55
2019-02-25,703.7,270.15,355.6,2657.75,1398.25,317.25,1240.95,1894.5,1770.15
2019-02-26,710.15,266.35,348.2,2657.75,1402.0,315.45,1236.15,1853.65,1772.25
2019-02-27,718.2,267.65,345.55,2642.0,1405.7,320.15,1216.15,1841.0,1736.5
2019-02-28,709.55,269.05,350.15,2649.0,1405.2,318.05,1213.1,1841.2,1732.65
2019-03-01,702.4,272.95,354.25,2660.75,1392.35,307.65,1225.95,1859.45,1734.65
2019-03-05,732.05,276.45,363.25,2695.15,1403.85,307.85,1240.45,1860.0,1724.6
2019-03-06,720.6,278.1,371.95,2766.7,1393.7,309.4,1241.3,1885.2,1699.8
2019-03-07,733.75,281.75,370.8,2734.8,1395.45,307.65,1237.2,1880.2,1705.4
2019-03-08,733.4,281.2,370.6,2768.3,1382.35,308.7,1238.9,1884.05,1701.6
2019-03-11,734.5,287.35,375.85,2791.05,1419.8,333.8,1249.55,1897.55,1714.95
2019-03-12,742.55,286.9,388.2,2753.05,1428.1,351.8,1263.35,1930.0,1734.8
2019-03-13,738.0,293.15,391.9,2828.15,1428.3,337.75,1261.25,1950.65,1747.6
2019-03-14,740.6,291.9,387.9,2808.1,1434.75,342.4,1268.95,1956.95,1737.3
2019-03-15,735.1,298.4,395.3,2860.75,1432.55,337.7,1325.15,1974.65,1698.4
2019-03-18,751.6,298.95,398.05,2929.55,1445.6,330.6,1343.65,1962.4,1697.55
2019-03-19,760.9,303.05,398.4,2920.9,1453.9,336.75,1347.75,1967.85,1699.65
2019-03-20,755.75,303.8,392.9,2868.6,1456.15,334.0,1351.6,1987.55,1687.55
2019-03-22,757.05,298.05,391.8,2836.65,1471.25,331.55,1336.25,1981.55,1678.05
2019-03-25,745.7,294.0,383.5,2849.8,1457.55,327.0,1308.65,1945.65,1673.85
2019-03-26,757.1,303.5,394.1,2934.35,1485.05,327.8,1342.95,1946.3,1683.8
2019-03-27,759.3,308.8,393.2,2945.25,1472.05,322.5,1332.85,1919.9,1680.8
2019-03-28,780.7,319.0,400.55,2995.85,1497.0,329.95,1340.75,1944.45,1683.9
2019-03-29,777.25,320.75,400.5,3025.0,1492.7,333.1,1334.5,1968.25,1706.8
2019-04-01,765.6,322.75,398.25,3001.45,1492.75,340.8,1339.4,1959.65,1690.0
2019-04-02,767.4,329.0,397.15,3055.2,1519.3,356.45,1339.45,1995.95,1687.15
2019-04-03,761.5,320.5,392.1,3046.0,1497.6,350.0,1334.2,2013.1,1670.8
2019-04-04,762.15,321.8,388.75,3039.45,1519.0,356.8,1322.9,2042.05,1666.55
2019-04-05,762.2,317.05,390.55,3114.2,1514.45,356.65,1335.95,2059.2,1659.1
2019-04-08,754.6,312.8,387.1,3024.1,1496.35,354.95,1343.25,2054.9,1664.9
2019-04-09,763.4,314.75,397.15,3008.7,1444.85,351.6,1341.45,2069.15,1680.5
2019-04-10,760.85,310.9,394.2,2998.35,1409.85,340.0,1349.9,2029.25,1694.15
2019-04-11,752.3,314.9,390.05,3047.85,1423.15,346.35,1343.2,2022.8,1710.4
2019-04-12,764.35,315.25,394.6,3008.8,1438.65,341.95,1343.45,2024.95,1721.65
2019-04-15,762.85,315.6,392.75,3022.25,1431.55,347.7,1373.85,2014.25,1722.05
2019-04-16,771.1,315.75,407.0,3032.5,1459.0,348.75,1386.4,2026.7,1738.55
2019-04-18,771.2,310.8,404.4,3014.45,1469.6,346.95,1369.65,2003.75,1739.9
2019-04-22,755.5,310.05,394.5,2991.25,1443.35,349.4,1356.7,1953.9,1739.85
2019-04-23,753.25,305.25,396.5,3035.05,1431.0,316.5,1355.35,1934.7,1744.2
2019-04-24,752.85,310.75,401.1,3093.05,1450.05,324.5,1366.75,1980.4,1752.6
2019-04-25,740.9,306.2,395.4,3081.0,1447.95,328.5,1360.4,1955.15,1734.2
2019-04-26,759.9,312.5,407.2,3096.85,1448.75,325.45,1379.25,1977.4,1747.35
2019-04-30,766.85,309.95,407.5,3095.95,1463.15,320.3,1386.55,1995.05,1757.7
2019-05-02,752.35,308.15,395.55,3131.75,1436.6,324.2,1406.35,2017.4,1723.55
2019-05-03,757.3,310.0,401.8,3111.85,1438.55,331.45,1417.8,2006.4,1693.55
2019-05-06,747.45,308.75,401.3,3034.3,1412.8,333.45,1410.4,1965.45,1668.9
2019-05-07,741.85,305.45,386.5,3017.05,1387.8,324.95,1408.15,1966.3,1697.5
2019-05-08,735.5,298.25,382.2,2921.3,1385.7,324.5,1402.2,1930.75,1688.7
2019-05-09,731.0,299.3,381.4,2971.35,1354.2,315.45,1385.5,1914.6,1703.75
2019-05-10,735.05,308.05,385.1,2922.85,1341.05,324.1,1398.15,1931.7,1687.45
2019-05-13,732.1,306.9,376.3,2931.85,1332.5,318.65,1389.35,1952.9,1702.0
2019-05-14,731.35,314.65,380.4,2881.85,1320.25,336.6,1382.95,1965.2,1698.5
2019-05-15,721.95,312.1,377.05,3002.75,1305.95,331.25,1395.8,1944.95,1671.05
2019-05-16,731.85,315.75,382.5,3110.05,1304.4,325.2,1413.15,1942.1,1688.2
2019-05-17,748.95,319.25,389.7,3301.1,1320.0,328.45,1460.0,1993.65,1736.8
2019-05-20,782.4,344.7,407.7,3407.55,1373.95,340.1,1502.55,2122.5,1772.5
2019-05-21,772.95,337.55,400.15,3433.3,1357.75,330.65,1487.9,2114.5,1785.25
2019-05-22,779.15,341.1,405.35,3448.9,1368.45,335.15,1495.25,2138.8,1768.3
2019-05-23,776.4,342.2,410.85,3377.75,1367.75,338.8,1499.75,2114.4,1753.85
2019-05-24,793.2,355.35,431.75,3467.9,1384.5,353.2,1511.7,2123.4,1749.6
2019-05-27,813.9,361.7,435.5,3449.0,1366.85,349.5,1529.4,2165.3,1771.95
2019-05-28,808.4,360.05,434.3,3409.8,1364.35,345.6,1511.0,2147.85,1776.9
2019-05-29,804.7,348.65,423.3,3409.25,1358.25,338.8,1513.9,2147.45,1780.85
2019-05-30,807.55,353.55,426.2,3481.65,1374.6,346.7,1535.35,2184.4,1784.25
2019-05-31,808.3,352.5,423.7,3467.1,1407.3,348.8,1522.15,2182.65,1788.5
2019-06-03,812.65,355.45,422.9,3511.05,1459.25,352.75,1531.25,2230.45,1839.7
2019-06-04,822.8,352.4,419.1,3531.15,1421.5,352.4,1531.35,2223.95,1815.6
2019-06-06,807.7,336.9,411.55,3452.95,1428.55,353.8,1514.25,2183.45,1837.75
2019-06-07,804.0,342.05,416.6,3509.45,1418.35,357.1,1511.8,2210.85,1830.75
2019-06-10,814.15,344.3,416.1,3519.6,1422.6,363.45,1502.6,2194.05,1852.5
2019-06-11,814.8,347.1,421.35,3551.85,1425.5,363.25,1507.7,2189.85,1839.8
2019-06-12,813.55,344.0,418.0,3505.85,1425.45,359.9,1483.5,2181.95,1847.1
2019-06-13,820.15,346.5,419.6,3544.5,1429.45,363.75,1504.0,2197.5,1845.5
2019-06-14,801.2,343.8,417.75,3518.4,1412.75,353.3,1473.85,2185.85,1822.95
2019-06-17,777.7,337.85,414.2,3466.5,1401.95,344.0,1460.35,2173.0,1818.05
2019-06-18,775.75,340.05,422.15,3509.3,1380.05,345.15,1461.85,2153.0,1809.6
2019-06-19,770.7,338.85,419.8,3525.5,1381.15,341.1,1497.8,2175.4,1811.7
2019-06-20,771.4,345.15,433.4,3582.55,1392.05,348.55,1518.35,2199.25,1805.05
2019-06-21,771.05,349.4,430.8,3565.85,1383.0,343.8,1489.8,2140.8,1766.65
2019-06-24,762.85,353.2,429.45,3545.35,1376.15,345.1,1470.6,2148.9,1764.45
2019-06-25,781.65,356.55,433.65,3579.85,1363.1,348.6,1483.9,2172.8,1756.45
2019-06-26,788.6,358.15,438.65,3627.95,1359.95,345.55,1490.6,2168.1,1761.0
2019-06-27,800.45,362.15,440.95,3642.2,1361.4,348.65,1481.6,2195.45,1774.4
2019-06-28,808.55,361.25,437.1,3681.1,1358.15,346.65,1477.1,2192.1,1787.6
2019-07-01,810.45,361.55,439.0,3699.0,1353.85,348.5,1481.2,2245.9,1780.2
2019-07-02,802.6,364.5,436.75,3711.1,1345.75,353.6,1471.5,2281.25,1789.2
2019-07-03,806.2,366.15,435.95,3715.4,1352.0,353.2,1475.0,2277.2,1784.7
2019-07-04,808.85,367.4,436.2,3732.5,1359.7,362.75,1497.8,2280.25,1793.6
2019-07-05,806.1,370.65,436.35,3719.15,1358.7,364.8,1517.2,2278.9,1791.4
2019-07-08,782.9,355.3,425.9,3413.3,1340.25,356.4,1475.3,2259.95,1753.55
2019-07-09,786.2,359.5,428.5,3603.1,1321.0,362.3,1462.85,2232.8,1740.25
2019-07-10,769.25,354.2,430.9,3429.05,1322.95,358.55,1475.85,2227.75,1718.6
2019-07-11,766.4,363.2,426.55,3451.05,1332.45,360.75,1484.95,2261.9,1730.9
2019-07-12,755.8,363.6,427.05,3377.5,1361.95,356.1,1483.65,2257.8,1713.2
2019-07-15,749.75,360.05,422.3,3412.1,1353.15,350.6,1508.1,2265.35,1716.95
2019-07-16,761.05,364.35,424.6,3448.7,1372.3,350.75,1501.45,2277.55,1741.3
2019-07-17,752.6,372.4,424.7,3463.3,1395.9,346.25,1534.6,2286.7,1760.7
2019-07-18,740.4,363.65,418.65,3467.65,1384.95,342.5,1538.25,2345.15,1739.15
2019-07-19,729.25,356.0,410.3,3323.1,1369.1,339.95,1498.9,2303.55,1720.4
2019-07-22,727.45,350.85,411.5,3246.6,1404.2,342.55,1454.3,2186.9,1680.7
2019-07-23,728.0,342.2,411.95,3276.9,1429.35,343.6,1494.0,2138.5,1693.35
2019-07-24,712.3,339.6,408.5,3173.55,1483.4,338.9,1497.2,2184.25,1728.65
2019-07-25,723.15,341.3,409.0,3046.5,1495.85,339.0,1485.05,2195.35,1736.65
2019-07-26,729.85,342.6,415.75,3264.6,1526.45,334.9,1511.85,2165.75,1730.65
2019-07-29,720.25,343.8,429.35,3252.65,1513.25,334.55,1502.5,2149.0,1713.3
2019-07-30,707.6,327.55,425.35,3249.95,1508.75,345.75,1498.7,2127.25,1719.9
2019-07-31,674.1,332.2,424.6,3252.05,1521.1,337.6,1519.55,2121.8,1726.65
2019-08-01,669.3,317.15,417.05,3222.1,1504.7,323.9,1495.8,2086.8,1731.3
2019-08-02,673.85,308.45,410.6,3237.9,1545.2,343.55,1507.6,2124.8,1737.45
2019-08-05,662.45,300.25,402.65,3160.05,1525.4,357.7,1460.1,2152.35,1741.2
2019-08-06,679.0,301.4,410.25,3272.25,1565.85,368.45,1485.3,2189.9,1744.1
2019-08-07,659.95,289.9,408.4,3265.8,1559.2,366.1,1476.3,2175.2,1777.25
2019-08-08,660.1,294.35,414.4,3334.7,1565.9,372.15,1502.75,2182.3,1803.1
2019-08-09,660.8,291.35,420.15,3419.7,1575.5,371.15,1532.1,2211.65,1841.35
2019-08-13,649.45,283.35,410.25,3221.85,1573.35,351.65,1511.4,2100.1,1824.75
2019-08-14,663.2,289.75,417.3,3289.95,1569.7,361.2,1491.8,2117.7,1839.05
2019-08-16,675.65,290.9,418.95,3337.2,1597.45,361.55,1498.95,2100.0,1828.65
2019-08-19,685.0,286.85,423.4,3328.05,1586.45,361.0,1496.35,2114.05,1820.9
2019-08-20,672.35,283.7,416.9,3294.1,1595.15,358.05,1505.1,2090.1,1843.4
2019-08-21,664.7,277.4,412.05,3261.45,1589.15,354.9,1505.75,2066.9,1850.0
2019-08-22,661.15,268.55,399.1,3114.1,1570.2,352.75,1478.25,2014.1,1872.1
2019-08-23,663.9,271.1,395.4,3174.35,1580.4,356.4,1470.2,2043.75,1860.0
2019-08-26,683.7,280.2,411.65,3324.25,1597.55,360.65,1512.8,2148.35,1876.55
2019-08-27,682.95,285.7,418.6,3357.75,1599.45,348.3,1501.55,2174.3,1861.4
2019-08-28,678.2,284.9,412.95,3326.35,1603.15,345.8,1483.65,2187.15,1828.1
2019-08-29,661.15,274.5,404.4,3299.3,1615.25,343.5,1450.85,2128.45,1832.95
2019-08-30,663.9,273.85,409.65,3332.5,1616.2,346.8,1431.45,2166.45,1881.9
2019-09-03,645.7,268.4,392.15,3258.5,1576.75,336.85,1414.3,2089.9,1841.85
2019-09-04,647.3,275.1,397.5,3250.25,1535.15,345.7,1426.45,2100.1,1846.6
2019-09-05,649.6,273.3,389.0,3292.7,1519.75,347.7,1410.15,2044.15,1829.75
2019-09-06,671.1,273.95,391.35,3373.0,1532.4,349.25,1441.55,2041.45,1819.15
2019-09-09,671.55,278.0,395.45,3437.35,1540.6,356.45,1471.3,2064.25,1834.05
2019-09-11,681.7,285.25,394.6,3416.4,1561.45,355.1,1475.2,2071.85,1824.3
2019-09-12,662.9,287.05,402.7,3382.35,1540.3,347.55,1457.55,2082.75,1805.4
2019-09-13,674.25,291.7,413.4,3427.35,1548.2,343.05,1484.25,2083.85,1805.55
2019-09-16,670.9,284.7,412.15,3418.85,1521.3,344.0,1474.95,2046.75,1816.3
2019-09-17,640.45,273.95,400.65,3368.4,1530.9,339.85,1448.3,1996.25,1831.2
2019-09-18,648.4,280.4,399.35,3413.85,1547.75,335.6,1464.75,1988.3,1829.2
2019-09-19,638.2,274.05,386.6,3362.05,1553.9,337.6,1452.6,1974.6,1812.75
2019-09-20,680.35,301.7,417.5,3702.2,1671.0,356.4,1538.85,2049.3,1969.75
2019-09-23,725.5,313.75,446.3,4023.75,1802.75,348.0,1640.6,2162.0,2039.75
2019-09-24,704.4,302.6,440.9,3961.75,1765.9,348.65,1618.1,2130.0,2050.45
2019-09-25,694.95,280.25,434.2,3930.9,1751.8,341.65,1601.6,2069.95,2051.5
2019-09-26,699.9,281.85,451.95,4000.8,1770.95,344.05,1626.85,2063.2,2034.4
2019-09-27,700.6,281.2,449.2,4057.4,1776.3,349.1,1643.5,2035.9,2010.9
2019-09-30,685.0,270.8,433.7,4046.05,1762.15,367.05,1644.45,1977.05,1981.95
2019-10-01,679.15,255.95,424.6,3992.4,1766.1,350.95,1648.2,1995.65,1990.3
2019-10-03,668.4,254.15,427.3,3959.8,1748.95,344.9,1615.75,1974.55,1962.05
2019-10-04,656.4,249.95,413.9,3903.95,1724.4,339.5,1563.15,1978.3,1944.2
2019-10-07,673.45,249.1,416.1,3900.9,1725.15,341.55,1555.65,1969.3,1940.05
2019-10-09,686.3,260.95,436.7,4023.9,1773.45,359.4,1612.35,2002.0,1948.0
2019-10-10,672.95,254.15,423.7,3948.9,1778.6,377.25,1584.8,1987.95,1968.75
2019-10-11,672.7,254.55,428.55,3973.2,1790.25,382.9,1587.75,2010.15,2004.65
2019-10-14,683.5,255.45,428.85,3883.3,1798.7,393.55,1585.5,2014.75,2014.25
2019-10-15,690.05,258.45,431.85,3879.45,1803.1,383.65,1615.6,2013.3,2064.4
2019-10-16,693.4,256.05,435.3,4016.4,1765.7,385.25,1605.55,2048.7,2071.0
2019-10-17,710.3,265.45,440.6,4106.8,1812.3,385.85,1604.55,2089.75,2103.85
2019-10-18,709.55,269.65,437.8,4137.65,1816.75,383.5,1615.25,2094.45,2106.85
2019-10-22,712.75,270.5,451.15,4034.15,1780.2,374.1,1628.85,2114.9,2127.35
2019-10-23,714.85,275.45,455.1,4038.35,1767.4,360.35,1613.65,2142.95,2133.25
2019-10-24,707.7,262.5,454.75,4026.15,1790.5,372.35,1613.2,2144.95,2133.35
2019-10-25,708.6,281.55,469.1,3987.25,1796.3,375.15,1588.6,2101.55,2145.1
2019-10-27,710.1,281.8,469.55,3978.9,1792.6,373.1,1593.0,2105.35,2139.75
2019-10-29,738.45,280.65,477.4,4047.25,1814.25,359.9,1575.55,2113.05,2160.2
2019-10-30,747.4,289.9,471.15,3992.0,1821.3,367.95,1578.9,2107.45,2169.4
2019-10-31,736.35,312.4,463.05,4027.55,1809.6,374.25,1574.5,2131.9,2175.35
2019-11-01,748.3,313.55,462.25,4069.85,1766.35,373.05,1579.9,2128.6,2179.35
2019-11-04,742.6,314.3,470.5,4113.0,1785.9,378.0,1571.05,2181.3,2158.15
2019-11-05,738.05,319.2,468.35,4227.8,1793.85,383.95,1553.9,2181.3,2172.15
2019-11-06,747.25,317.55,480.7,4188.15,1797.6,371.45,1571.05,2220.6,2179.45
2019-11-07,734.75,318.15,478.55,4225.85,1826.95,371.75,1584.0,2251.0,2138.25
2019-11-08,725.5,316.0,489.45,4159.45,1794.85,369.15,1600.25,2233.2,2086.4
2019-11-11,733.7,318.25,496.8,4169.05,1773.95,371.5,1616.9,2234.55,2081.35
2019-11-13,711.2,306.8,485.75,4144.55,1770.45,368.6,1605.8,2207.45,2091.0
2019-11-14,715.9,306.0,498.65,4210.55,1771.85,362.5,1597.6,2226.8,2069.05
2019-11-15,716.9,321.9,499.85,4187.6,1760.7,393.05,1622.75,2224.05,2057.7
2019-11-18,722.95,325.1,498.35,4154.9,1739.0,409.2,1627.2,2236.3,2056.2
2019-11-19,747.8,330.4,493.5,4135.75,1721.35,439.35,1623.8,2212.1,2037.75
2019-11-20,748.75,328.8,495.0,4138.55,1723.5,437.3,1599.45,2200.95,2026.5
2019-11-21,737.4,331.35,498.25,4123.65,1720.35,426.3,1595.25,2210.35,2048.65
2019-11-22,732.1,329.3,496.8,4078.3,1682.75,420.65,1569.1,2237.3,2028.35
2019-11-25,754.75,336.1,497.8,4141.7,1710.7,451.4,1603.65,2294.55,2062.4
2019-11-26,752.25,335.5,510.7,4098.35,1710.3,432.35,1604.4,2304.65,2058.35
2019-11-27,752.9,343.55,505.5,4118.35,1715.35,433.35,1617.9,2336.3,2093.25
2019-11-28,750.6,349.3,519.15,4102.05,1714.6,436.65,1615.0,2309.75,2087.15
2019-11-29,739.05,341.85,512.6,4074.2,1706.15,442.45,1615.2,2297.25,2035.3
2019-12-02,744.3,338.5,510.9,3950.45,1738.25,458.6,1633.0,2306.6,2043.2
2019-12-03,733.4,336.25,509.35,3964.55,1736.45,459.1,1646.75,2319.7,2028.45
2019-12-04,739.85,341.85,529.25,3990.85,1720.3,461.4,1651.25,2322.4,2048.0
2019-12-05,729.25,336.2,528.1,3990.85,1715.85,447.35,1649.3,2327.55,2037.45
2019-12-06,717.6,320.0,524.8,3951.65,1716.65,444.85,1674.3,2264.65,2026.05
2019-12-09,732.0,316.7,526.5,3944.85,1726.35,445.85,1659.25,2311.4,2008.15
2019-12-10,715.7,313.4,528.7,3986.85,1713.15,447.0,1662.4,2295.15,2025.35
2019-12-11,716.55,312.8,533.55,4036.8,1738.2,442.75,1686.55,2321.65,2010.45
2019-12-12,722.1,321.85,535.35,4057.15,1750.65,438.65,1715.6,2318.45,2007.35
2019-12-13,752.0,332.55,537.05,4071.95,1743.95,427.8,1692.75,2354.5,2006.2
2019-12-16,747.25,331.85,539.25,4039.45,1731.45,421.85,1703.95,2375.25,1974.75
2019-12-17,745.65,332.9,541.15,4135.75,1745.4,439.95,1713.3,2430.1,1961.35
2019-12-18,741.85,326.95,541.4,4119.35,1778.45,438.3,1724.35,2445.15,1928.55
2019-12-19,742.55,328.15,540.2,4091.85,1803.1,449.45,1729.5,2411.9,1951.1
2019-12-20,739.85,337.85,546.1,4135.6,1799.25,453.8,1692.7,2404.1,1943.1
2019-12-23,743.15,332.4,541.3,4160.0,1807.55,454.8,1704.9,2422.65,1950.4
2019-12-24,740.65,331.45,541.1,4139.5,1803.45,457.15,1711.55,2412.75,1946.4
2019-12-26,736.5,329.85,538.75,4187.1,1809.6,447.55,1694.25,2414.1,1944.95
2019-12-27,760.15,337.25,549.4,4252.65,1812.25,455.1,1685.6,2444.15,1949.9
2019-12-30,754.1,334.4,543.95,4243.3,1802.3,460.5,1690.4,2438.25,1937.25
2019-12-31,754.1,333.75,538.9,4234.75,1784.95,455.8,1684.35,2412.55,1923.0
2020-01-01,748.7,334.45,536.75,4231.3,1793.2,453.3,1674.05,2433.95,1936.55
2020-01-02,756.95,339.3,540.6,4246.05,1790.65,455.2,1671.55,2466.4,1938.05
2020-01-03,742.95,333.7,538.85,4193.45,1751.4,455.1,1657.1,2454.45,1927.45
2020-01-06,723.25,319.0,525.7,3996.7,1707.15,449.65,1652.55,2384.1,1915.45
2020-01-07,725.75,318.4,522.9,4007.65,1724.4,445.1,1670.85,2415.05,1920.7
2020-01-08,724.5,319.8,525.95,4049.95,1728.8,458.85,1654.85,2406.15,1929.35
2020-01-09,742.85,330.2,546.3,4124.2,1772.55,460.1,1665.05,2457.4,1935.05
2020-01-10,740.05,332.25,540.25,4144.85,1792.55,457.0,1684.7,2457.55,1954.0
2020-01-13,737.4,330.75,538.6,4164.5,1804.9,468.9,1691.1,2462.55,1994.85
2020-01-14,747.9,328.0,537.6,4193.0,1819.15,469.35,1676.8,2492.3,2008.8
2020-01-15,746.3,324.25,535.6,4207.25,1842.25,467.85,1675.6,2488.6,2021.65
2020-01-16,737.3,323.3,537.15,4220.25,1835.15,473.9,1701.55,2482.1,2049.25
2020-01-17,739.9,318.0,532.05,4231.75,1830.05,500.05,1698.1,2453.95,2060.3
2020-01-20,727.2,314.0,534.85,4152.6,1848.75,508.7,1617.9,2454.35,2062.85
2020-01-21,717.6,313.7,531.05,4138.6,1810.75,511.75,1625.1,2465.45,2055.4
2020-01-22,712.6,316.15,522.85,4142.2,1779.25,514.5,1585.5,2416.6,2051.7
2020-01-23,723.0,323.2,527.7,4125.8,1776.1,523.65,1605.85,2428.4,2056.9
2020-01-24,737.4,324.05,533.85,4194.5,1786.8,524.25,1642.95,2450.75,2073.7
2020-01-27,740.25,316.2,537.25,4164.35,1788.35,514.4,1618.35,2395.8,2061.35
2020-01-28,737.15,315.1,528.2,4213.0,1779.1,491.25,1626.05,2431.6,2060.6
2020-01-29,735.25,316.45,526.6,4419.0,1796.95,490.25,1640.45,2404.25,2074.2
2020-01-30,730.9,310.7,532.2,4364.3,1805.0,489.8,1628.25,2415.0,2058.1
2020-01-31,729.3,318.45,525.65,4365.9,1795.65,496.45,1691.75,2414.0,2034.25
2020-02-01,705.45,302.6,504.6,4276.05,1755.35,497.2,1647.95,2268.25,2074.9
2020-02-03,708.95,298.1,515.55,4359.35,1867.65,510.05,1676.25,2259.75,2178.95
2020-02-04,715.0,306.25,530.8,4519.25,1891.3,518.9,1698.3,2345.95,2155.6
2020-02-05,724.05,311.0,539.1,4528.2,1873.5,533.35,1689.75,2391.65,2160.3
2020-02-06,736.95,321.95,541.6,4666.35,1856.8,546.8,1674.0,2436.45,2156.4
2020-02-07,748.15,320.55,536.45,4654.3,1858.7,539.45,1653.05,2405.65,2159.95
2020-02-10,741.1,318.5,533.95,4721.75,1869.5,538.7,1669.3,2414.3,2159.3
2020-02-11,749.95,324.35,539.75,4749.35,1878.1,534.3,1677.45,2435.15,2152.65
2020-02-12,755.25,320.2,549.3,4768.7,1893.7,539.6,1714.9,2437.6,2260.35
2020-02-13,747.8,327.45,541.0,4795.35,1874.05,539.95,1689.8,2403.65,2283.4
2020-02-14,736.5,319.4,545.8,4781.75,1877.05,565.0,1680.95,2401.75,2255.05
2020-02-17,738.4,314.2,541.6,4776.65,1881.4,564.85,1691.1,2350.25,2252.6
2020-02-18,733.65,317.55,541.2,4758.0,1863.65,548.25,1691.0,2318.8,2234.4
2020-02-19,741.05,320.35,544.8,4878.05,1884.9,543.4,1701.1,2377.25,2292.15
2020-02-20,744.3,327.65,547.0,4880.45,1842.25,545.6,1685.95,2369.5,2248.25
2020-02-24,725.45,322.95,529.85,4803.95,1818.95,529.9,1678.25,2292.3,2215.15
2020-02-25,728.75,326.8,530.95,4825.95,1826.1,535.25,1675.8,2302.6,2233.6
2020-02-26,729.4,328.2,523.7,4810.0,1826.65,535.95,1666.5,2281.45,2236.2
2020-02-27,735.85,321.95,515.35,4759.8,1843.8,531.65,1682.75,2272.2,2254.95
2020-02-28,697.3,303.0,497.25,4465.85,1797.95,523.5,1620.35,2175.75,2174.75
2020-03-02,684.2,287.4,506.1,4360.75,1786.8,518.35,1599.0,2179.65,2159.45
2020-03-03,687.15,289.85,514.75,4454.1,1800.55,520.8,1626.3,2191.4,2166.65
2020-03-04,682.2,285.3,508.35,4286.4,1847.95,516.75,1607.95,2206.05,2175.85
2020-03-05,677.9,288.5,504.5,4330.7,1874.45,526.9,1651.35,2195.05,2218.0
2020-03-06,657.65,270.5,486.35,4225.85,1877.45,519.15,1631.05,2109.45,2188.9
2020-03-09,623.55,253.45,457.75,4026.8,1867.15,496.25,1578.15,2027.9,2121.5
2020-03-11,619.35,245.1,465.65,4030.65,1882.85,493.8,1589.3,2036.25,2155.0
2020-03-12,543.25,212.6,425.65,3734.35,1843.35,464.95,1465.05,1875.7,2055.95
2020-03-13,568.8,242.0,447.2,3952.55,1797.7,491.85,1470.05,2066.8,2033.2
2020-03-16,508.6,223.35,402.9,3672.25,1683.4,464.8,1383.7,1841.75,1941.9
2020-03-17,488.35,215.15,367.25,3444.85,1731.6,454.7,1322.7,1755.8,2004.05
2020-03-18,473.45,215.2,355.05,3061.35,1618.2,425.55,1171.95,1622.55,1923.8
2020-03-19,428.25,203.65,338.55,2746.1,1601.2,444.75,1210.85,1617.6,1838.3
2020-03-20,428.15,209.85,345.7,2951.9,1742.95,462.65,1262.35,1753.95,2051.7
2020-03-23,308.65,181.6,284.0,2266.15,1498.45,407.35,1098.25,1520.7,1869.7
2020-03-24,303.15,183.2,296.5,2474.2,1524.85,404.05,1152.9,1505.1,2027.85
2020-03-25,326.8,189.9,316.9,2585.6,1593.15,429.1,1290.15,1646.05,2088.15
2020-03-26,341.4,192.75,330.25,2793.7,1616.95,470.7,1372.95,1733.25,2194.9
2020-03-27,359.75,195.95,339.85,2542.3,1604.15,448.95,1399.1,1754.0,2140.55
2020-03-30,368.15,186.9,313.4,2242.1,1594.95,431.05,1293.7,1558.75,2184.35
2020-03-31,379.0,196.85,323.75,2215.8,1666.5,440.9,1296.05,1633.1,2298.5
2020-04-01,358.65,186.55,311.15,2219.35,1603.2,421.35,1181.65,1583.5,2179.65
2020-04-03,325.45,175.5,286.65,2207.5,1520.9,423.95,1140.85,1499.55,2154.1
2020-04-07,388.85,186.4,326.1,2253.35,1623.8,470.2,1198.05,1555.15,2444.9
2020-04-08,391.35,183.0,318.95,2332.9,1608.95,461.65,1187.65,1558.8,2460.85
2020-04-09,420.15,187.75,342.7,2551.85,1651.35,488.7,1272.9,1703.1,2372.25
2020-04-13,418.95,183.5,330.65,2287.3,1680.85,512.2,1250.9,1655.2,2346.45
2020-04-15,417.3,182.35,327.35,2182.45,1718.2,510.5,1173.75,1596.3,2487.55
2020-04-16,422.55,188.5,342.0,2220.0,1743.1,500.45,1130.85,1625.75,2436.1
2020-04-17,478.8,193.25,375.55,2308.15,1756.25,502.45,1186.25,1680.6,2385.0
2020-04-20,455.95,192.5,361.3,2308.25,1730.45,490.3,1177.75,1727.7,2336.55
2020-04-21,420.65,184.75,331.85,2099.75,1726.0,500.5,1130.15,1669.7,2317.4
2020-04-22,431.15,188.7,335.95,2148.25,1813.0,501.4,1152.15,1664.15,2386.15
2020-04-23,430.05,186.7,352.95,2172.45,1821.65,496.0,1249.65,1663.45,2317.5
2020-04-24,403.95,179.75,334.85,1976.25,1827.55,494.25,1239.55,1580.3,2283.1
2020-04-27,427.3,180.9,347.9,2044.05,1851.35,494.05,1303.6,1591.45,2320.45
2020-04-28,455.45,184.3,359.85,2228.1,1824.4,485.65,1326.65,1715.8,2289.95
2020-04-29,439.1,190.1,370.45,2296.45,1767.5,496.0,1327.85,1836.75,2231.75
2020-04-30,444.9,190.5,380.15,2318.1,1758.7,514.3,1357.2,1916.0,2195.0
2020-05-04,402.8,178.85,338.05,2079.65,1676.8,532.5,1277.8,1724.35,2082.65
2020-05-05,389.0,170.4,330.85,2002.35,1619.15,528.05,1238.35,1689.9,2041.5
2020-05-06,388.85,171.1,341.4,2106.25,1610.65,546.0,1245.95,1732.15,2010.2
2020-05-07,397.35,170.75,336.75,2060.55,1594.3,528.05,1199.8,1703.9,1992.05
2020-05-08,382.05,166.65,337.7,2024.15,1578.4,530.05,1217.45,1689.7,2089.45
2020-05-11,379.55,165.45,320.15,2015.05,1569.6,536.2,1188.45,1658.45,2048.0
2020-05-12,386.85,166.9,321.2,2069.7,1523.35,559.85,1157.2,1674.1,2011.55
2020-05-13,414.0,174.1,338.05,2161.05,1563.3,555.95,1186.7,1712.75,1995.75
2020-05-14,401.95,167.95,327.4,2112.0,1522.4,539.85,1173.1,1632.4,2006.05
2020-05-15,388.55,166.4,322.7,2086.45,1552.95,554.1,1178.3,1633.8,2032.1
2020-05-18,358.8,155.3,298.5,1938.6,1501.1,538.05,1113.65,1512.05,2005.25
2020-05-19,354.5,152.8,300.3,1964.95,1503.95,598.8,1130.45,1539.85,1975.55
2020-05-20,362.5,153.4,305.65,2042.8,1500.05,594.05,1160.1,1627.0,1990.85
2020-05-21,357.2,151.95,304.4,1990.2,1574.3,594.55,1150.25,1597.3,1970.9
2020-05-22,336.95,150.85,291.05,1895.3,1617.9,593.2,1160.2,1516.15,1987.9
2020-05-26,341.3,151.4,292.7,1829.0,1629.85,559.25,1153.2,1502.15,1977.8
2020-05-27,387.0,158.6,318.85,1936.45,1619.45,563.1,1217.55,1570.4,1998.1
2020-05-28,390.95,158.2,326.85,1947.7,1643.6,562.75,1229.45,1623.7,2009.95
2020-05-29,384.95,161.3,331.95,1953.65,1683.1,552.6,1224.0,1658.9,2057.35
2020-06-01,396.95,170.05,339.25,2160.85,1693.25,559.05,1248.4,1737.7,2108.55
2020-06-02,410.1,170.25,348.4,2346.2,1709.3,558.1,1342.9,1813.55,2107.4
2020-06-03,409.55,174.9,356.85,2411.9,1716.55,551.65,1386.55,1835.65,2120.5
2020-06-04,394.35,174.05,347.85,2313.05,1633.75,572.45,1334.4,1764.3,2120.6
2020-06-05,405.3,187.8,357.2,2390.35,1638.55,584.35,1337.8,1766.6,2087.6
2020-06-08,430.25,186.8,359.8,2507.25,1634.25,585.15,1336.75,1760.8,2111.7
2020-06-09,420.05,184.45,348.55,2443.6,1642.05,567.8,1304.15,1772.1,2106.5
2020-06-10,427.45,187.7,353.0,2435.65,1635.95,567.1,1332.25,1809.3,2119.6
2020-06-11,413.45,177.15,341.25,2338.9,1610.6,551.85,1298.7,1787.45,2106.9
2020-06-12,408.0,179.15,344.2,2450.15,1637.35,560.1,1279.8,1792.2,2107.25
2020-06-15,389.6,173.7,331.1,2351.4,1618.2,550.7,1248.9,1751.65,2084.3
2020-06-16,381.55,172.9,342.95,2365.0,1621.7,544.9,1276.8,1821.9,2076.35
2020-06-17,389.6,172.95,341.95,2396.0,1595.4,563.45,1243.8,1794.65,2078.25
2020-06-18,405.4,179.65,352.0,2525.95,1597.8,560.9,1303.35,1855.95,2065.35
2020-06-19,417.05,184.5,363.8,2698.6,1622.5,572.5,1302.5,1835.1,2092.75
2020-06-22,430.15,187.7,367.55,2840.3,1652.15,581.05,1355.35,1819.4,2100.8
2020-06-23,443.65,192.45,376.15,3025.5,1683.9,578.8,1389.9,1838.1,2155.95
2020-06-24,424.65,184.6,348.1,2934.45,1747.25,557.35,1343.9,1797.75,2130.3
2020-06-25,421.7,185.25,351.0,3005.35,1689.0,559.0,1381.7,1777.8,2173.15
2020-06-26,424.85,184.6,349.1,2903.5,1686.75,560.4,1340.1,1769.35,2154.2
2020-06-29,404.8,179.25,343.1,2857.95,1691.95,567.1,1355.65,1741.15,2182.95
2020-06-30,406.65,178.45,351.45,2831.0,1687.45,559.85,1360.45,1754.65,2180.0
2020-07-01,433.25,184.8,364.05,2953.9,1688.0,560.15,1356.75,1835.15,2170.4
2020-07-02,423.2,185.45,362.85,2964.25,1686.45,558.45,1352.0,1889.45,2151.75
2020-07-03,428.45,184.7,361.0,2931.5,1695.65,581.45,1353.8,1885.2,2173.7
2020-07-06,434.0,188.05,361.85,3108.8,1708.85,576.6,1367.9,1868.7,2161.6
2020-07-07,447.35,188.6,376.05,3351.95,1745.75,567.15,1368.25,1886.75,2154.15
2020-07-08,444.15,191.9,368.95,3208.05,1686.25,561.3,1352.75,1886.05,2186.05
2020-07-09,453.75,199.1,370.35,3330.0,1717.25,568.65,1368.15,1941.85,2175.85
2020-07-10,439.6,195.6,360.35,3314.15,1703.5,574.7,1349.35,1886.0,2223.8
2020-07-13,440.05,192.7,353.6,3234.6,1705.65,586.8,1335.55,1845.55,2265.25
2020-07-14,417.7,186.05,345.55,3190.95,1688.4,589.35,1298.3,1791.6,2234.75
2020-07-15,426.65,183.8,345.8,3149.25,1671.65,563.6,1290.0,1789.9,2275.15
2020-07-16,434.0,186.25,344.65,3204.8,1693.2,562.75,1322.65,1787.8,2287.85
2020-07-17,433.1,188.2,353.8,3301.3,1717.9,566.75,1327.45,1805.85,2334.55
2020-07-20,434.0,190.75,363.0,3441.5,1751.6,575.75,1319.05,1806.05,2330.95
2020-07-21,446.2,194.4,378.8,3292.45,1724.25,567.75,1359.0,1883.65,2318.0
2020-07-22,478.95,192.0,381.1,3253.0,1695.75,569.15,1342.35,1881.05,2248.5
2020-07-23,460.85,198.25,392.25,3297.8,1727.8,567.2,1374.05,1875.8,2211.35
2020-07-24,445.6,191.95,381.8,3251.85,1712.05,559.45,1350.0,1841.3,2209.3
2020-07-27,431.55,187.15,358.5,3171.15,1778.15,559.5,1322.6,1850.75,2221.5
2020-07-28,437.05,189.45,352.1,3239.6,1759.65,564.6,1384.05,1897.35,2242.55
2020-07-29,440.9,191.2,351.05,3284.25,1740.15,566.2,1389.45,1877.3,2231.3
2020-07-30,425.85,186.55,344.95,3218.3,1743.35,552.7,1385.0,1810.65,2195.6
2020-07-31,431.65,191.45,346.8,3251.3,1715.5,554.85,1365.75,1781.95,2209.9
2020-08-03,417.35,192.25,343.25,3174.5,1705.5,547.35,1308.55,1739.8,2204.5
2020-08-04,429.15,191.6,351.0,3235.6,1713.95,549.0,1323.95,1781.1,2197.8
2020-08-05,434.95,191.45,352.2,3262.15,1716.3,558.95,1334.2,1776.7,2194.55
2020-08-06,433.0,190.95,358.75,3345.2,1727.55,555.3,1340.1,1783.75,2220.45
2020-08-07,433.3,190.65,357.95,3464.3,1806.25,560.8,1342.5,1777.7,2210.55
2020-08-10,431.1,193.8,363.55,3442.95,1782.35,558.85,1360.2,1798.95,2206.75
2020-08-11,448.0,195.05,367.35,3457.4,1789.55,551.1,1364.6,1826.75,2210.65
2020-08-12,451.1,203.3,366.85,3418.25,1797.25,547.7,1335.1,1814.2,2195.1
2020-08-13,448.1,201.9,368.05,3419.65,1802.55,535.35,1336.25,1804.85,2198.65
2020-08-14,435.85,196.5,361.4,3331.1,1802.55,528.6,1307.45,1791.7,2173.9
2020-08-17,438.15,193.1,360.2,3384.8,1836.7,521.4,1327.55,1800.55,2196.05
2020-08-18,445.8,195.1,369.55,3419.9,1874.1,526.3,1369.35,1820.7,2214.35
2020-08-19,444.2,197.05,374.45,3409.95,1885.7,535.85,1355.6,1827.95,2193.6
2020-08-20,434.95,194.75,367.75,3393.8,1874.9,525.55,1338.35,1785.15,2185.7
2020-08-21,440.45,198.4,371.15,3389.3,1958.0,520.25,1339.4,1804.05,2202.05
2020-08-24,445.8,201.45,380.35,3492.05,1962.15,526.9,1387.25,1829.85,2194.4
2020-08-25,451.8,207.95,386.35,3642.9,2000.6,528.65,1400.1,1829.6,2179.1
2020-08-26,463.35,209.85,389.35,3645.55,1971.4,514.5,1436.7,1816.0,2182.8
2020-08-27,473.05,215.65,392.2,3632.5,1982.5,511.15,1420.0,1864.1,2171.25
2020-08-28,509.2,224.85,409.7,3670.8,1958.1,523.45,1467.1,1883.25,2151.95
2020-08-31,496.75,212.0,394.6,3487.8,1899.1,513.1,1401.35,1832.6,2117.35
2020-09-01,485.7,218.1,390.95,3643.85,1979.3,546.25,1430.65,1851.2,2161.65
2020-09-02,484.4,216.25,392.4,3668.65,1943.95,550.55,1423.5,1827.2,2141.65
2020-09-03,474.95,213.15,382.75,3619.7,1978.0,538.0,1396.7,1808.75,2139.15
2020-09-04,455.2,206.6,372.55,3596.8,1956.35,523.15,1380.05,1769.7,2124.65
2020-09-07,458.7,207.9,373.4,3505.15,1982.1,515.45,1368.75,1791.1,2162.6
2020-09-08,444.35,204.05,375.7,3500.0,1960.35,498.1,1350.7,1777.3,2142.25
2020-09-09,431.25,194.85,367.6,3422.85,1979.05,504.25,1326.15,1760.75,2132.25
2020-09-10,446.85,198.15,370.7,3498.7,2056.55,497.35,1319.5,1777.45,2133.9
2020-09-11,447.2,202.7,370.5,3544.4,2035.95,491.65,1330.35,1768.15,2159.25
2020-09-14,440.55,198.5,363.7,3440.7,2031.2,474.1,1304.7,1738.0,2123.5
2020-09-15,449.55,200.15,371.55,3513.4,2017.55,485.55,1323.95,1758.75,2124.45
2020-09-16,446.0,198.2,374.7,3521.5,2012.1,481.75,1325.4,1768.15,2143.5
2020-09-17,442.9,195.45,369.0,3471.95,2007.95,479.0,1305.1,1744.35,2128.2
2020-09-18,443.35,192.6,369.55,3474.8,2028.4,494.55,1277.1,1724.0,2098.7
2020-09-21,423.35,185.8,350.7,3330.15,1972.55,467.75,1287.85,1708.15,2037.8
2020-09-22,412.0,186.2,354.4,3303.0,1937.5,470.95,1270.55,1674.85,2026.8
2020-09-23,419.75,183.8,351.85,3243.85,1946.55,433.8,1275.4,1667.1,2052.55
2020-09-24,402.45,176.35,335.7,3028.9,1918.35,419.3,1246.1,1636.85,2060.9
2020-09-25,415.05,182.2,348.65,3138.95,1925.6,439.65,1253.05,1652.0,2079.05
2020-09-28,439.25,187.25,363.0,3335.15,1945.6,443.65,1278.7,1681.45,2063.3
2020-09-29,426.85,185.05,357.05,3294.75,1959.95,435.6,1263.25,1713.1,2033.2
2020-09-30,424.65,185.4,354.75,3278.6,1986.4,420.95,1268.2,1740.05,2068.25
2020-10-01,443.7,190.3,369.2,3442.8,2040.45,432.35,1305.05,1790.65,2095.0
2020-10-05,444.15,188.75,373.1,3382.9,2028.0,424.45,1314.6,1785.1,2111.05
2020-10-06,449.65,191.6,380.6,3474.3,2090.0,426.75,1338.25,1934.4,2115.9
2020-10-07,453.1,190.7,382.65,3331.15,2105.0,422.45,1324.7,1948.75,2139.35
2020-10-08,451.9,191.5,387.5,3326.45,2088.65,424.45,1320.1,1949.25,2160.8
2020-10-09,468.05,198.3,401.5,3317.9,2050.6,425.2,1319.85,1957.65,2139.65
2020-10-12,468.0,198.7,404.05,3327.2,2077.85,415.05,1312.9,1965.4,2138.4
2020-10-13,461.35,195.7,396.25,3272.6,2064.65,415.3,1344.95,1943.4,2138.2
2020-10-14,471.3,200.05,406.8,3372.05,2071.35,413.25,1353.35,1979.85,2158.15
2020-10-15,462.6,192.85,391.0,3214.75,2090.45,399.2,1309.55,1947.2,2152.55
2020-10-16,472.4,195.95,396.1,3231.35,2061.2,401.65,1336.55,1961.7,2150.55
2020-10-19,492.95,204.0,417.1,3267.2,2070.1,397.7,1376.7,2031.5,2177.8
2020-10-20,493.95,203.05,414.6,3262.15,2118.5,405.0,1368.8,2015.3,2173.1
2020-10-21,501.45,203.75,420.3,3232.85,2114.3,419.0,1393.3,2048.75,2163.15
2020-10-22,510.3,203.3,412.9,3314.45,2099.9,430.65,1393.05,2042.55,2179.35
2020-10-23,507.2,202.8,416.95,3316.9,2120.25,434.4,1383.05,2059.7,2143.85
2020-10-26,493.35,196.7,404.45,3293.9,2080.45,434.05,1416.9,2073.35,2166.75
2020-10-27,508.1,194.65,409.95,3453.25,2197.8,433.35,1587.65,2041.35,2176.7
2020-10-28,504.7,190.45,396.05,3370.8,2159.55,451.85,1551.35,1968.9,2164.35
2020-10-29,493.85,188.7,399.9,3380.05,2225.45,450.8,1570.9,1934.3,2122.1
2020-10-30,492.5,189.25,392.6,3309.0,2211.5,433.75,1547.4,1923.55,2071.3
2020-11-02,522.65,196.05,417.45,3419.8,2172.85,457.4,1580.7,2040.8,2072.0
2020-11-03,534.15,204.75,443.85,3490.8,2154.65,454.6,1593.6,2130.95,2055.7
2020-11-04,525.15,207.0,437.05,3561.45,2169.45,453.05,1630.7,2088.2,2060.05
2020-11-05,539.3,218.65,438.5,3736.9,2238.3,457.3,1675.45,2100.7,2102.35
2020-11-06,541.75,219.2,442.8,3780.75,2209.05,449.9,1718.05,2138.45,2094.15
2020-11-09,565.05,219.5,462.7,3865.0,2225.2,471.8,1728.15,2152.1,2132.55
2020-11-10,583.6,231.7,483.85,4208.55,2199.75,466.4,1752.95,2272.1,2136.6
2020-11-11,608.65,234.2,486.55,4268.8,2181.7,478.6,1807.85,2324.3,2131.15
2020-11-12,599.7,226.8,476.7,4298.3,2171.8,479.85,1754.75,2332.1,2192.1
2020-11-13,610.35,229.45,485.55,4376.05,2179.95,475.75,1763.3,2306.75,2185.35
2020-11-14,613.15,229.65,486.9,4374.8,2184.6,481.5,1770.55,2311.25,2187.7
2020-11-17,628.8,240.2,486.4,4488.0,2187.65,484.55,1796.65,2349.0,2177.6
2020-11-18,636.3,252.0,497.65,4653.75,2195.75,478.4,1830.6,2364.9,2132.1
2020-11-19,611.5,239.75,478.75,4536.55,2161.7,468.55,1826.35,2324.6,2130.75
2020-11-20,607.85,242.75,480.2,4715.85,2166.55,483.7,1889.4,2334.8,2120.25
2020-11-23,595.6,238.7,468.25,4811.45,2186.25,477.25,1897.85,2250.8,2129.4
2020-11-24,619.65,243.85,478.2,4810.65,2207.9,474.25,1924.9,2217.7,2157.35
2020-11-25,599.85,243.0,472.7,4689.75,2154.3,464.1,1862.45,2191.35,2135.85
2020-11-26,612.55,245.45,475.3,4821.25,2155.3,468.4,1889.1,2238.4,2154.2
2020-11-27,601.6,244.25,473.35,4908.8,2215.3,463.25,1907.1,2256.25,2138.2
2020-12-01,603.65,248.05,485.1,4861.1,2230.05,479.45,1875.85,2306.95,2133.05
2020-12-02,608.1,246.95,480.45,4823.9,2315.85,484.9,1814.2,2276.35,2139.3
2020-12-03,602.7,256.3,481.85,4867.45,2411.4,479.9,1821.0,2253.95,2127.75
2020-12-04,614.5,263.5,502.05,4875.35,2438.75,493.75,1846.25,2245.9,2184.2
2020-12-07,619.25,269.6,510.45,4829.45,2472.55,508.95,1820.55,2303.8,2256.15
2020-12-08,620.65,271.9,508.4,4792.15,2438.9,503.6,1833.8,2309.75,2260.0
2020-12-09,634.2,270.35,511.5,4844.15,2522.3,503.05,1883.55,2306.7,2292.2
2020-12-10,627.05,269.55,506.95,4794.8,2526.05,505.15,1903.3,2289.1,2350.45
2020-12-11,613.25,272.45,515.45,4843.85,2520.95,504.4,1920.4,2295.9,2374.75
2020-12-14,615.9,274.2,525.8,4898.65,2548.15,503.05,1939.35,2302.65,2370.75
2020-12-15,607.1,270.65,518.05,5122.5,2527.45,504.2,1951.15,2350.35,2320.05
2020-12-16,606.1,269.4,512.45,5146.6,2582.45,516.2,1952.55,2424.65,2343.95
2020-12-17,605.4,267.7,510.4,5286.7,2575.05,515.1,1965.45,2494.6,2315.3
2020-12-18,609.5,271.45,517.15,5252.5,2601.5,510.65,1949.35,2479.4,2333.45
2020-12-21,582.5,254.7,494.5,5041.85,2554.65,490.9,1920.85,2414.8,2305.95
2020-12-22,589.75,257.45,500.3,5011.4,2600.8,500.3,1902.95,2403.65,2311.0
2020-12-23,592.45,263.0,503.6,5088.9,2642.55,507.2,1920.75,2403.05,2370.35
2020-12-24,610.2,266.85,513.55,5184.9,2648.25,517.3,1960.6,2455.15,2402.25
2020-12-28,617.65,275.2,520.1,5204.1,2683.9,521.6,1988.9,2476.45,2388.9
2020-12-29,630.2,277.9,528.8,5200.5,2696.8,520.25,1999.3,2518.95,2384.3
2020-12-30,625.1,276.9,528.75,5334.15,2734.4,516.15,2017.95,2518.05,2406.6
2020-12-31,620.45,274.95,535.05,5295.2,2764.5,509.7,1995.6,2558.65,2395.4
2021-01-01,623.8,279.4,527.5,5280.15,2775.55,515.15,1994.05,2568.75,2387.55
2021-01-04,624.7,281.05,531.7,5216.2,2753.7,517.1,1965.55,2578.5,2426.5
2021-01-05,664.45,281.75,537.25,5119.0,2793.85,514.0,1959.75,2651.85,2450.55
2021-01-06,654.25,285.05,546.7,5030.3,2805.35,525.3,1970.4,2638.85,2417.3
2021-01-07,671.1,287.7,541.1,5081.0,2792.25,545.25,1952.4,2661.35,2368.85
2021-01-08,672.7,286.0,542.05,5082.0,2844.7,540.25,1970.7,2657.5,2391.2
2021-01-11,666.95,282.5,544.7,4984.25,2849.3,547.15,1938.15,2751.2,2429.1
2021-01-12,675.7,292.5,548.0,5042.2,2720.55,565.75,1903.45,2747.55,2375.9
2021-01-13,687.8,306.8,556.5,4902.9,2703.7,578.25,1882.1,2670.9,2372.35
2021-01-14,676.0,307.25,553.3,4877.35,2663.9,580.55,1892.65,2684.05,2398.55
2021-01-15,674.85,303.85,543.0,4883.6,2590.9,602.65,1863.9,2632.75,2351.15
2021-01-18,657.0,294.45,533.15,4719.85,2588.2,586.95,1846.95,2566.5,2332.6
2021-01-19,668.75,298.6,546.45,4959.15,2645.05,592.3,1887.0,2656.95,2363.15
2021-01-20,675.75,302.55,551.0,4981.95,2697.25,596.15,1883.6,2688.15,2355.95
2021-01-21,675.85,294.85,552.7,5118.3,2716.35,581.35,1857.8,2663.0,2367.65
2021-01-22,644.5,283.7,533.8,4972.55,2596.65,576.85,1828.0,2589.45,2409.35
2021-01-25,658.4,280.95,538.05,4908.7,2513.95,580.75,1794.4,2551.4,2399.6
2021-01-27,632.1,275.65,522.35,4845.0,2436.6,570.8,1764.7,2467.0,2391.3
2021-01-28,670.7,282.35,528.25,4810.25,2441.7,570.9,1722.85,2425.75,2300.4
2021-01-29,662.9,282.1,537.0,4734.55,2407.35,553.6,1712.95,2377.8,2263.9
2021-02-01,709.35,310.7,603.8,5058.6,2447.8,579.15,1801.5,2579.25,2248.6
2021-02-02,714.2,333.1,617.35,5173.2,2463.65,599.35,1861.3,2659.0,2230.45
2021-02-03,733.8,335.95,622.35,5245.1,2453.65,608.85,1852.2,2703.55,2232.85
2021-02-04,743.9,355.1,628.3,5504.85,2401.8,600.6,1910.4,2707.75,2245.6
2021-02-05,719.6,393.1,614.15,5538.55,2376.75,581.1,1982.7,2721.5,2269.55
2021-02-08,736.15,397.05,629.6,5497.7,2416.85,597.3,1957.15,2733.35,2236.65
2021-02-09,742.5,394.8,633.35,5400.3,2506.85,598.95,1949.15,2747.05,2216.25
2021-02-10,734.8,392.25,632.15,5475.9,2510.6,590.2,1952.05,2767.1,2235.5
2021-02-11,740.1,390.15,630.65,5567.05,2505.5,598.1,1961.0,2760.6,2263.0
2021-02-12,750.4,393.15,647.6,5577.45,2486.1,586.25,1951.05,2791.5,2241.55
2021-02-15,794.0,406.95,673.95,5779.85,2456.75,593.7,1985.95,2860.45,2215.2
2021-02-16,775.05,402.35,658.35,5760.25,2450.25,593.95,2019.65,2858.65,2196.1
2021-02-17,777.75,411.75,657.35,5705.15,2388.15,593.85,1989.45,2805.35,2163.9
2021-02-18,777.0,415.2,644.65,5563.35,2470.75,589.05,1945.45,2745.15,2146.85
2021-02-19,749.65,399.55,624.05,5497.95,2416.45,581.35,1938.75,2741.3,2181.1
2021-02-22,719.45,389.5,609.85,5376.85,2387.05,570.3,1949.6,2651.95,2167.6
2021-02-23,715.95,395.6,616.3,5383.7,2372.2,565.55,1872.95,2628.6,2179.25
2021-02-24,749.4,406.25,641.1,5562.9,2361.35,572.95,1911.2,2707.75,2178.85
2021-02-25,770.65,407.25,628.0,5529.95,2373.75,579.15,1895.5,2684.7,2163.3
2021-02-26,724.8,390.15,597.75,5264.9,2277.2,556.3,1780.35,2539.4,2132.05
2021-03-01,728.55,394.95,608.35,5266.8,2362.3,532.2,1845.4,2606.0,2143.4
2021-03-02,731.25,394.2,610.5,5316.3,2390.4,541.2,1844.65,2564.0,2177.95
2021-03-03,753.95,405.05,632.1,5542.9,2402.1,546.3,1899.5,2654.9,2193.5
2021-03-04,736.8,395.65,620.75,5485.9,2417.1,539.6,1897.7,2582.95,2196.9
2021-03-05,730.75,383.65,609.45,5444.9,2387.1,532.8,1922.5,2543.9,2201.1
2021-03-08,743.3,389.6,608.05,5320.65,2382.7,525.7,1915.85,2510.25,2174.55
2021-03-09,745.45,387.6,625.1,5415.05,2422.7,521.75,1978.95,2577.3,2198.5
2021-03-10,760.75,387.7,625.6,5545.05,2431.95,525.85,1963.95,2599.8,2227.85
2021-03-12,750.6,381.1,612.85,5557.85,2401.35,524.2,1935.15,2568.0,2204.75
2021-03-15,744.4,383.9,603.5,5439.05,2355.0,522.85,1918.65,2535.5,2210.85
2021-03-16,737.75,378.55,594.95,5455.95,2468.6,529.3,1903.2,2510.4,2244.05
2021-03-17,727.9,368.15,589.5,5359.8,2422.95,522.9,1868.35,2515.55,2226.3
2021-03-18,718.75,367.1,578.6,5371.85,2404.55,527.2,1830.4,2514.6,2215.2
2021-03-19,726.25,371.15,586.65,5453.25,2411.25,529.95,1834.15,2531.65,2312.05
2021-03-22,716.2,367.0,573.45,5389.35,2425.7,528.0,1822.65,2531.85,2353.2
2021-03-23,730.55,372.7,586.4,5378.8,2410.3,529.25,1812.65,2509.9,2337.3
2021-03-24,706.4,359.85,567.5,5270.3,2443.55,523.65,1782.45,2465.75,2318.6
2021-03-25,694.6,355.2,571.55,5122.2,2402.2,507.75,1762.9,2470.75,2237.05
2021-03-26,698.2,357.2,578.55,5183.05,2505.15,522.5,1771.05,2532.75,2317.9
2021-03-30,695.35,360.8,591.45,5193.55,2578.05,521.5,1781.25,2605.65,2398.75
2021-03-31,697.45,364.3,582.1,5149.85,2537.4,517.3,1753.0,2498.1,2431.5
2021-04-01,713.0,370.65,594.4,5272.15,2551.75,520.8,1804.55,2531.45,2399.1
2021-04-05,685.25,353.55,571.25,4962.5,2510.65,528.25,1759.2,2445.85,2373.2
2021-04-06,677.9,350.55,565.9,4993.1,2611.6,532.2,1768.3,2472.3,2408.3
2021-04-07,688.25,358.55,577.65,5077.1,2628.6,541.6,1792.0,2482.7,2405.25
2021-04-08,681.6,355.6,576.7,5029.5,2650.65,543.0,1783.25,2502.55,2409.9
2021-04-09,668.2,353.0,566.2,4872.3,2630.8,545.25,1799.25,2513.9,2476.0
2021-04-12,635.6,328.85,538.55,4511.0,2602.2,522.45,1742.5,2419.85,2462.0
2021-04-13,661.0,341.0,560.6,4728.75,2570.7,536.15,1775.85,2512.95,2454.4
2021-04-15,668.85,342.7,575.2,4660.3,2587.7,539.35,1773.25,2547.15,2460.65
2021-04-16,669.2,339.9,566.95,4616.6,2663.7,540.75,1764.1,2574.05,2458.9
2021-04-19,648.15,331.15,559.75,4479.6,2571.9,526.45,1700.75,2492.35,2436.65
2021-04-20,651.75,329.5,559.1,4613.65,2553.65,530.2,1697.7,2415.9,2397.45
2021-04-22,658.7,336.65,579.2,4688.7,2511.25,530.85,1736.05,2479.7,2349.4
2021-04-23,671.35,336.45,569.95,4667.8,2517.95,522.6,1734.2,2497.35,2307.75
2021-04-26,700.45,344.3,591.1,4736.55,2557.9,527.55,1759.65,2509.8,2360.65
2021-04-27,699.55,353.05,598.75,4865.05,2574.35,534.3,1750.3,2518.4,2379.85
2021-04-28,708.15,363.4,621.35,5280.9,2614.55,544.3,1811.45,2577.0,2406.55
2021-04-29,719.4,359.4,621.45,5484.85,2613.45,540.85,1805.0,2538.85,2407.6
2021-04-30,714.9,353.5,600.5,5451.9,2536.4,536.75,1748.8,2420.1,2353.75
2021-05-03,702.75,350.6,596.75,5551.15,2582.15,558.85,1725.45,2418.5,2408.0
2021-05-04,700.35,351.5,591.55,5615.75,2587.15,552.45,1732.65,2377.2,2407.65
2021-05-05,717.2,355.4,602.8,5515.15,2567.65,559.95,1770.75,2377.6,2394.65
2021-05-06,715.75,355.55,608.2,5528.8,2549.05,558.75,1788.25,2430.1,2390.0
2021-05-07,716.75,358.25,607.1,5493.8,2551.65,568.5,1780.35,2496.75,2411.2
2021-05-10,715.25,361.7,613.25,5497.5,2556.95,572.55,1809.35,2531.35,2432.9
2021-05-11,707.35,364.65,609.85,5424.7,2556.25,568.4,1755.45,2464.2,2402.1
2021-05-12,691.3,367.7,594.75,5358.4,2556.2,561.75,1718.85,2438.7,2328.95
2021-05-14,685.0,360.45,597.3,5330.35,2774.5,560.4,1706.65,2422.0,2376.85
2021-05-17,709.25,383.1,623.6,5430.1,2782.75,549.65,1744.15,2486.45,2376.25
2021-05-18,711.65,382.25,633.2,5688.75,2821.8,536.35,1755.1,2502.85,2374.25
2021-05-19,716.8,384.4,625.45,5631.2,2815.85,528.2,1730.55,2459.85,2359.75
2021-05-20,705.9,384.55,618.6,5588.75,2794.1,520.65,1708.2,2445.0,2344.15
2021-05-21,730.9,401.2,642.45,5631.75,2832.5,530.95,1757.65,2518.05,2362.25
2021-05-24,741.15,412.05,647.35,5602.9,2819.2,526.8,1757.0,2540.9,2336.55
2021-05-25,731.55,412.35,650.3,5618.65,2914.4,526.1,1750.5,2530.5,2344.05
2021-05-26,735.1,413.55,652.5,5771.15,2941.6,525.75,1740.65,2567.55,2354.0
2021-05-27,750.35,425.2,652.25,5682.2,2949.35,519.8,1777.25,2508.85,2326.4
2021-05-28,739.85,422.05,643.05,5610.75,2940.7,523.6,1800.75,2541.35,2321.7
2021-05-31,750.7,424.35,662.75,5627.95,2977.5,534.9,1807.7,2552.85,2340.05
2021-06-01,745.15,432.55,650.1,5784.8,2931.0,532.9,1797.0,2580.75,2358.3
2021-06-02,737.0,437.25,648.35,5808.65,2903.7,529.5,1783.1,2562.15,2358.8
2021-06-03,750.65,439.65,650.25,5901.5,2935.35,532.05,1814.2,2584.0,2363.25
2021-06-04,742.05,433.6,642.7,5993.45,2924.9,532.7,1811.2,2619.05,2342.05
2021-06-07,751.1,432.25,648.2,5729.75,2933.1,536.45,1814.9,2585.75,2339.3
2021-06-08,746.35,427.2,642.4,5755.4,2926.25,546.8,1793.55,2554.5,2359.0
2021-06-09,736.75,421.45,636.1,5674.5,2943.55,540.0,1782.9,2544.75,2356.0
2021-06-10,744.25,432.25,640.4,6086.4,2950.6,545.15,1799.55,2561.9,2378.8
2021-06-11,738.45,429.6,635.7,6120.0,2956.25,540.85,1794.35,2559.8,2366.5
2021-06-14,736.25,430.35,635.15,6194.15,2949.9,539.35,1768.05,2539.2,2364.6
2021-06-15,750.9,429.5,645.3,6161.15,3042.2,542.5,1770.9,2545.1,2391.95
2021-06-16,749.8,425.95,640.1,6081.6,3018.7,536.75,1760.6,2521.45,2407.9
2021-06-17,738.6,420.25,633.0,6050.25,3060.3,528.65,1766.05,2487.3,2417.7
2021-06-18,736.3,412.9,630.4,6087.05,3047.2,538.75,1760.45,2488.1,2482.9
2021-06-21,739.55,419.75,631.25,6116.0,3068.55,539.6,1772.05,2516.4,2514.35
2021-06-22,739.35,418.65,630.85,6016.8,3010.8,536.4,1757.1,2522.9,2490.25
2021-06-23,732.35,418.85,624.7,6015.6,2987.35,534.05,1736.7,2497.2,2480.5
2021-06-24,739.15,417.2,634.05,6043.6,3043.25,528.75,1737.9,2487.4,2490.15
2021-06-25,761.35,428.8,649.0,6075.8,3003.9,535.1,1735.0,2509.2,2448.65
2021-06-28,762.4,426.75,650.3,6037.05,2982.95,531.2,1733.05,2494.95,2460.2
2021-06-29,751.95,421.5,640.1,6052.4,3001.5,524.95,1705.85,2501.2,2492.55
2021-06-30,748.3,419.2,630.9,6015.85,2992.7,525.65,1705.85,2475.25,2471.3
2021-07-01,746.45,420.4,630.85,5967.15,3021.6,522.65,1716.1,2459.4,2478.0
2021-07-02,750.65,424.4,640.25,5997.75,3005.0,525.0,1715.15,2475.7,2487.3
2021-07-05,760.35,432.65,647.85,6072.7,3014.8,523.95,1731.1,2494.9,2499.05
2021-07-06,758.35,429.75,650.3,6202.4,3002.5,526.1,1755.35,2496.4,2472.5
2021-07-07,762.9,432.85,654.0,6198.6,3040.1,529.6,1761.8,2529.2,2481.65
2021-07-08,754.4,424.45,641.9,6117.8,3028.3,525.3,1732.3,2512.05,2447.55
2021-07-09,747.35,423.75,638.55,6136.15,3010.6,536.25,1720.05,2496.45,2451.45
